id,first_name,last_name,email,country_of_birth,car_id,id,make,model,price
1,Iorgo,Symonds,isymonds0@chron.com,Portugal,7,7,Lexus,IS-F,$2536427.26
2,Rolf,Elsop,relsop1@addthis.com,Cuba,2,2,BMW,3 Series,$1078577.24
4,Blakelee,Godbald,bgodbald3@slashdot.org,Senegal,7,7,Lexus,IS-F,$2536427.26
5,Gibbie,Moorwood,gmoorwood4@webs.com,Indonesia,3,3,Chrysler,Prowler,$2384308.95
6,Elga,Bonnyson,ebonnyson5@nsw.gov.au,Sweden,5,5,Chevrolet,1500,$3317167.74
7,Herby,Cartman,hcartman6@economist.com,Brazil,10,10,Subaru,Leone,$1923454.60
9,Earlie,Purches,epurches8@sina.com.cn,Peru,2,2,BMW,3 Series,$1078577.24
10,Darbee,Mateja,dmateja9@de.vu,China,5,5,Chevrolet,1500,$3317167.74
11,Monro,Matteoni,mmatteonia@seesaa.net,Sri Lanka,8,8,Saab,900,$6030155.99
12,Levy,Turton,lturtonb@baidu.com,Armenia,10,10,Subaru,Leone,$1923454.60
13,Bennett,Glascott,bglascottc@technorati.com,China,5,5,Chevrolet,1500,$3317167.74
14,Marigold,Bolter,mbolterd@indiegogo.com,Malta,3,3,Chrysler,Prowler,$2384308.95
15,Aubert,Graeme,agraemee@blog.com,France,7,7,Lexus,IS-F,$2536427.26
16,Bernarr,Sincock,bsincockf@nyu.edu,United Kingdom,5,5,Chevrolet,1500,$3317167.74
17,Ingemar,Storey,istoreyg@nydailynews.com,Syria,5,5,Chevrolet,1500,$3317167.74
18,Phillipe,Neilus,pneilush@latimes.com,Russia,5,5,Chevrolet,1500,$3317167.74
19,Price,Landy,plandyi@bravesites.com,Brazil,4,4,Chevrolet,Impala,$5127335.48
20,Blake,Frotton,bfrottonj@forbes.com,China,3,3,Chrysler,Prowler,$2384308.95
22,Sheri,Narramore,snarramorel@jigsy.com,Poland,9,9,Toyota,RAV4,$5226351.25
23,Steffie,Pass,spassm@vinaora.com,Indonesia,5,5,Chevrolet,1500,$3317167.74
24,Dominique,Hammand,dhammandn@vinaora.com,Poland,4,4,Chevrolet,Impala,$5127335.48
26,Rockwell,Lenglet,rlengletp@businessweek.com,Russia,7,7,Lexus,IS-F,$2536427.26
27,Michele,McFeat,mmcfeatq@flickr.com,Poland,6,6,Mitsubishi,Mirage,$1044708.75
28,Biron,Demonge,bdemonger@furl.net,Czech Republic,2,2,BMW,3 Series,$1078577.24
29,Alon,Ledwitch,aledwitchs@earthlink.net,Vietnam,6,6,Mitsubishi,Mirage,$1044708.75
30,Kerstin,Veljes,kveljest@vimeo.com,Armenia,1,1,Chevrolet,Monte Carlo,$6790905.84
31,Marybelle,Polkinghorne,mpolkinghorneu@mtv.com,Brazil,2,2,BMW,3 Series,$1078577.24
32,Ev,O'Caherny,eocahernyv@4shared.com,Colombia,9,9,Toyota,RAV4,$5226351.25
33,Niki,Kellog,nkellogw@csmonitor.com,Denmark,3,3,Chrysler,Prowler,$2384308.95
34,Koressa,Coram,kcoramx@wix.com,Philippines,1,1,Chevrolet,Monte Carlo,$6790905.84
35,Padraic,Ennion,penniony@csmonitor.com,Indonesia,7,7,Lexus,IS-F,$2536427.26
36,Timmie,Le Breton De La Vieuville,tlebretondelavieuvillez@irs.gov,China,9,9,Toyota,RAV4,$5226351.25
37,Winnie,Springford,wspringford10@nymag.com,Ethiopia,8,8,Saab,900,$6030155.99
38,Ninnette,Rivard,nrivard11@surveymonkey.com,Russia,6,6,Mitsubishi,Mirage,$1044708.75
39,Tadd,Cordova,tcordova12@youku.com,Nigeria,6,6,Mitsubishi,Mirage,$1044708.75
40,Maryl,Henkens,mhenkens13@posterous.com,Sweden,5,5,Chevrolet,1500,$3317167.74
41,Angelo,Coom,acoom14@etsy.com,China,4,4,Chevrolet,Impala,$5127335.48
42,Clay,Rothermel,crothermel15@odnoklassniki.ru,Philippines,7,7,Lexus,IS-F,$2536427.26
43,Jayne,Cavanagh,jcavanagh16@gnu.org,China,9,9,Toyota,RAV4,$5226351.25
44,Ericka,Gatrell,egatrell17@techcrunch.com,Indonesia,5,5,Chevrolet,1500,$3317167.74
45,Guillemette,Pavelin,gpavelin18@squidoo.com,China,9,9,Toyota,RAV4,$5226351.25
46,Kiah,Emanuelov,kemanuelov19@phoca.cz,Uganda,1,1,Chevrolet,Monte Carlo,$6790905.84
47,Janet,Pellman,jpellman1a@mac.com,Indonesia,7,7,Lexus,IS-F,$2536427.26
48,Darcy,Isworth,disworth1b@51.la,Laos,10,10,Subaru,Leone,$1923454.60
50,Brana,Hadye,bhadye1d@taobao.com,Philippines,3,3,Chrysler,Prowler,$2384308.95
51,Peter,Goracci,pgoracci1e@ca.gov,Nigeria,9,9,Toyota,RAV4,$5226351.25
52,Glynda,Dundridge,gdundridge1f@unicef.org,Belarus,1,1,Chevrolet,Monte Carlo,$6790905.84
53,Amanda,Ozintsev,aozintsev1g@cdc.gov,Ukraine,1,1,Chevrolet,Monte Carlo,$6790905.84
54,Babette,Cruickshank,bcruickshank1h@howstuffworks.com,Philippines,4,4,Chevrolet,Impala,$5127335.48
55,Tish,Duddell,tduddell1i@pcworld.com,Brazil,5,5,Chevrolet,1500,$3317167.74
56,Cristi,Legen,clegen1j@shinystat.com,Thailand,4,4,Chevrolet,Impala,$5127335.48
57,Inge,Klimontovich,iklimontovich1k@clickbank.net,United States,5,5,Chevrolet,1500,$3317167.74
58,Betsy,Ellesmere,bellesmere1l@i2i.jp,Mexico,7,7,Lexus,IS-F,$2536427.26
59,Gino,Dayce,gdayce1m@netlog.com,China,3,3,Chrysler,Prowler,$2384308.95
60,Erin,Burgisi,eburgisi1n@alexa.com,Greece,8,8,Saab,900,$6030155.99
61,Bamby,Orridge,borridge1o@weather.com,Brazil,8,8,Saab,900,$6030155.99
62,Adore,Cregin,acregin1p@nyu.edu,Guatemala,5,5,Chevrolet,1500,$3317167.74
63,Ysabel,Ebbles,yebbles1q@cornell.edu,Indonesia,7,7,Lexus,IS-F,$2536427.26
64,Gordie,Jorgesen,gjorgesen1r@ed.gov,China,2,2,BMW,3 Series,$1078577.24
65,Geoffrey,Trowsdale,gtrowsdale1s@marriott.com,Armenia,3,3,Chrysler,Prowler,$2384308.95
66,Lura,Terry,lterry1t@google.cn,Ukraine,7,7,Lexus,IS-F,$2536427.26
67,Leah,Eddie,leddie1u@businessweek.com,United States,7,7,Lexus,IS-F,$2536427.26
68,Sly,De Beauchamp,sdebeauchamp1v@blog.com,Kazakhstan,3,3,Chrysler,Prowler,$2384308.95
69,Nicko,McAnellye,nmcanellye1w@cdbaby.com,Indonesia,8,8,Saab,900,$6030155.99
70,Cate,Metzke,cmetzke1x@tripadvisor.com,China,8,8,Saab,900,$6030155.99
71,Aylmer,Hoffman,ahoffman1y@vk.com,Sweden,10,10,Subaru,Leone,$1923454.60
73,Manuel,Helstrom,mhelstrom20@webmd.com,Senegal,5,5,Chevrolet,1500,$3317167.74
74,Izzy,Nunes Nabarro,inunesnabarro21@cbslocal.com,Poland,6,6,Mitsubishi,Mirage,$1044708.75
75,Sasha,Kener,skener22@businessinsider.com,Guinea,10,10,Subaru,Leone,$1923454.60
76,Bax,Spurriar,bspurriar23@meetup.com,China,4,4,Chevrolet,Impala,$5127335.48
77,Ernaline,Overthrow,eoverthrow24@nsw.gov.au,China,3,3,Chrysler,Prowler,$2384308.95
78,Alano,Wyllcocks,awyllcocks25@domainmarket.com,Democratic Republic of the Congo,8,8,Saab,900,$6030155.99
79,Byron,Bamblett,bbamblett26@ebay.co.uk,Canada,9,9,Toyota,RAV4,$5226351.25
81,Mikol,Eastam,meastam28@virginia.edu,Russia,3,3,Chrysler,Prowler,$2384308.95
82,Dolly,Fordy,dfordy29@mac.com,Sweden,10,10,Subaru,Leone,$1923454.60
83,Susanetta,Scotchmor,sscotchmor2a@clickbank.net,China,1,1,Chevrolet,Monte Carlo,$6790905.84
84,Aeriela,Dearden,adearden2b@gizmodo.com,Malaysia,8,8,Saab,900,$6030155.99
85,Millicent,Desporte,mdesporte2c@usa.gov,Brazil,1,1,Chevrolet,Monte Carlo,$6790905.84
87,Orly,Duckwith,oduckwith2e@narod.ru,Czech Republic,8,8,Saab,900,$6030155.99
89,Gamaliel,Rawlence,grawlence2g@seesaa.net,Kiribati,1,1,Chevrolet,Monte Carlo,$6790905.84
90,Abner,Douthwaite,adouthwaite2h@seesaa.net,Ireland,7,7,Lexus,IS-F,$2536427.26
91,Marietta,Allgood,mallgood2i@craigslist.org,China,3,3,Chrysler,Prowler,$2384308.95
93,Brocky,Camps,bcamps2k@ustream.tv,Morocco,8,8,Saab,900,$6030155.99
94,Reamonn,Windle,rwindle2l@hatena.ne.jp,Cape Verde,9,9,Toyota,RAV4,$5226351.25
95,Paige,Prangley,pprangley2m@cloudflare.com,Germany,9,9,Toyota,RAV4,$5226351.25
96,Andrea,Sonier,asonier2n@furl.net,China,10,10,Subaru,Leone,$1923454.60
97,Theodora,Amps,tamps2o@soup.io,Indonesia,6,6,Mitsubishi,Mirage,$1044708.75
98,Hendrick,Tomenson,htomenson2p@is.gd,France,3,3,Chrysler,Prowler,$2384308.95
99,Suzie,Gaggen,sgaggen2q@de.vu,China,10,10,Subaru,Leone,$1923454.60
101,Cullen,Eyers,ceyers2s@telegraph.co.uk,Russia,7,7,Lexus,IS-F,$2536427.26
103,Tisha,De Castri,tdecastri2u@patch.com,Canada,8,8,Saab,900,$6030155.99
104,Baryram,Labeuil,blabeuil2v@blogtalkradio.com,Lithuania,6,6,Mitsubishi,Mirage,$1044708.75
105,Farica,Arnout,farnout2w@usa.gov,Philippines,3,3,Chrysler,Prowler,$2384308.95
106,Elwood,Dulin,edulin2x@bloomberg.com,Brazil,7,7,Lexus,IS-F,$2536427.26
107,Stacee,Megahey,smegahey2y@cdbaby.com,Norway,8,8,Saab,900,$6030155.99
108,Giffy,Dragon,gdragon2z@reference.com,Indonesia,10,10,Subaru,Leone,$1923454.60
109,Wandis,Weakley,wweakley30@nhs.uk,United States,1,1,Chevrolet,Monte Carlo,$6790905.84
110,Karlotta,Medcalfe,kmedcalfe31@intel.com,Philippines,1,1,Chevrolet,Monte Carlo,$6790905.84
111,Shelia,Dysert,sdysert32@feedburner.com,Latvia,1,1,Chevrolet,Monte Carlo,$6790905.84
114,Sib,Port,sport35@blogger.com,Brazil,3,3,Chrysler,Prowler,$2384308.95
115,Clyve,Oxtiby,coxtiby36@microsoft.com,China,8,8,Saab,900,$6030155.99
116,Germana,McCreery,gmccreery37@latimes.com,Chad,1,1,Chevrolet,Monte Carlo,$6790905.84
117,West,Lemonnier,wlemonnier38@dion.ne.jp,Nigeria,8,8,Saab,900,$6030155.99
118,Felita,Hubbins,fhubbins39@webs.com,Philippines,2,2,BMW,3 Series,$1078577.24
119,Nikoletta,Vause,nvause3a@tripadvisor.com,Kosovo,4,4,Chevrolet,Impala,$5127335.48
120,Merwyn,Chappelow,mchappelow3b@gizmodo.com,France,7,7,Lexus,IS-F,$2536427.26
121,Kalie,Zanneli,kzanneli3c@acquirethisname.com,China,5,5,Chevrolet,1500,$3317167.74
122,Hobey,Roskell,hroskell3d@yellowbook.com,Germany,1,1,Chevrolet,Monte Carlo,$6790905.84
123,Maurita,De Ambrosi,mdeambrosi3e@webs.com,Sweden,1,1,Chevrolet,Monte Carlo,$6790905.84
125,Sylas,Dorow,sdorow3g@intel.com,United States,9,9,Toyota,RAV4,$5226351.25
126,Rogerio,Janaszkiewicz,rjanaszkiewicz3h@nba.com,Indonesia,7,7,Lexus,IS-F,$2536427.26
127,Cindelyn,Fontelles,cfontelles3i@furl.net,Indonesia,10,10,Subaru,Leone,$1923454.60
128,Belinda,Falloon,bfalloon3j@washingtonpost.com,China,3,3,Chrysler,Prowler,$2384308.95
130,Peadar,Abramowitz,pabramowitz3l@statcounter.com,Brazil,4,4,Chevrolet,Impala,$5127335.48
131,Bonny,Teffrey,bteffrey3m@cisco.com,Austria,6,6,Mitsubishi,Mirage,$1044708.75
132,Donella,McLanachan,dmclanachan3n@mashable.com,China,5,5,Chevrolet,1500,$3317167.74
133,Bette-ann,Dennett,bdennett3o@histats.com,Uruguay,10,10,Subaru,Leone,$1923454.60
134,Charisse,McMychem,cmcmychem3p@bloglines.com,Peru,4,4,Chevrolet,Impala,$5127335.48
136,Chick,Sammons,csammons3r@wordpress.org,China,5,5,Chevrolet,1500,$3317167.74
137,Kent,Ball,kball3s@jigsy.com,New Zealand,8,8,Saab,900,$6030155.99
138,Stevana,Ferrolli,sferrolli3t@squidoo.com,United States,9,9,Toyota,RAV4,$5226351.25
139,Earl,Abbatt,eabbatt3u@baidu.com,China,2,2,BMW,3 Series,$1078577.24
140,Gerick,Miliffe,gmiliffe3v@who.int,Pakistan,2,2,BMW,3 Series,$1078577.24
141,Carmen,Eccott,ceccott3w@ox.ac.uk,Cameroon,5,5,Chevrolet,1500,$3317167.74
142,Laure,Di Batista,ldibatista3x@furl.net,France,3,3,Chrysler,Prowler,$2384308.95
143,Giles,Braizier,gbraizier3y@unc.edu,Indonesia,10,10,Subaru,Leone,$1923454.60
144,Wallie,Marple,wmarple3z@jiathis.com,Indonesia,4,4,Chevrolet,Impala,$5127335.48
145,Burg,Cassy,bcassy40@people.com.cn,Portugal,5,5,Chevrolet,1500,$3317167.74
146,Gracia,Illing,gilling41@accuweather.com,Yemen,9,9,Toyota,RAV4,$5226351.25
147,Karyn,Searson,ksearson42@hostgator.com,Iran,1,1,Chevrolet,Monte Carlo,$6790905.84
148,Maybelle,Baumer,mbaumer43@newsvine.com,Indonesia,4,4,Chevrolet,Impala,$5127335.48
149,Padraig,Dumphrey,pdumphrey44@istockphoto.com,China,3,3,Chrysler,Prowler,$2384308.95
150,Ingeberg,Mc Gee,imcgee45@clickbank.net,Iraq,10,10,Subaru,Leone,$1923454.60
151,Andre,Scirman,ascirman46@cbslocal.com,Nigeria,2,2,BMW,3 Series,$1078577.24
152,Barth,Bunney,bbunney47@go.com,Philippines,7,7,Lexus,IS-F,$2536427.26
153,Ruthanne,Dicte,rdicte48@usda.gov,Philippines,9,9,Toyota,RAV4,$5226351.25
154,Alf,Blood,ablood49@posterous.com,China,4,4,Chevrolet,Impala,$5127335.48
155,Ardella,Wollard,awollard4a@live.com,Mongolia,3,3,Chrysler,Prowler,$2384308.95
156,Beverlee,Greenland,bgreenland4b@paypal.com,Mexico,3,3,Chrysler,Prowler,$2384308.95
157,Gibb,Guerreiro,gguerreiro4c@amazon.co.jp,United States,1,1,Chevrolet,Monte Carlo,$6790905.84
158,Shannon,Brittian,sbrittian4d@free.fr,China,5,5,Chevrolet,1500,$3317167.74
159,Gabi,Jouanet,gjouanet4e@ask.com,Bulgaria,3,3,Chrysler,Prowler,$2384308.95
160,Ronnie,Itzhaki,ritzhaki4f@homestead.com,China,10,10,Subaru,Leone,$1923454.60
161,Jerry,Butler-Bowdon,jbutlerbowdon4g@pagesperso-orange.fr,Israel,8,8,Saab,900,$6030155.99
162,Elia,Chanter,echanter4h@instagram.com,Indonesia,7,7,Lexus,IS-F,$2536427.26
163,Mayor,Holmyard,mholmyard4i@comsenz.com,China,9,9,Toyota,RAV4,$5226351.25
164,Bonnibelle,Woolatt,bwoolatt4j@google.fr,Sri Lanka,7,7,Lexus,IS-F,$2536427.26
165,Natividad,McPheat,nmcpheat4k@dedecms.com,Indonesia,3,3,Chrysler,Prowler,$2384308.95
167,Darsey,Melbury,dmelbury4m@ucsd.edu,China,10,10,Subaru,Leone,$1923454.60
168,Derk,Trousdale,dtrousdale4n@paypal.com,Poland,3,3,Chrysler,Prowler,$2384308.95
169,Nydia,Nowland,nnowland4o@friendfeed.com,China,10,10,Subaru,Leone,$1923454.60
170,Ashlen,Tydeman,atydeman4p@constantcontact.com,Malta,10,10,Subaru,Leone,$1923454.60
171,Justino,Runham,jrunham4q@gravatar.com,Russia,4,4,Chevrolet,Impala,$5127335.48
172,Griffy,De Cruze,gdecruze4r@unicef.org,Russia,2,2,BMW,3 Series,$1078577.24
173,Fleming,Gerrett,fgerrett4s@gizmodo.com,Indonesia,7,7,Lexus,IS-F,$2536427.26
175,Glenden,Syrett,gsyrett4u@independent.co.uk,Mali,1,1,Chevrolet,Monte Carlo,$6790905.84
176,Scarlet,Renals,srenals4v@toplist.cz,Indonesia,9,9,Toyota,RAV4,$5226351.25
177,Sybille,Yaxley,syaxley4w@nature.com,Moldova,9,9,Toyota,RAV4,$5226351.25
178,Evita,Menis,emenis4x@tinyurl.com,Indonesia,9,9,Toyota,RAV4,$5226351.25
180,Jeremy,Meaney,jmeaney4z@angelfire.com,China,5,5,Chevrolet,1500,$3317167.74
181,Vince,Rosenfrucht,vrosenfrucht50@miitbeian.gov.cn,Peru,5,5,Chevrolet,1500,$3317167.74
182,Addy,Surgeoner,asurgeoner51@nps.gov,Ukraine,7,7,Lexus,IS-F,$2536427.26
183,Nikkie,Tysack,ntysack52@fotki.com,Greece,5,5,Chevrolet,1500,$3317167.74
184,Waite,Osgodby,wosgodby53@eventbrite.com,Indonesia,6,6,Mitsubishi,Mirage,$1044708.75
185,Urson,Trencher,utrencher54@mac.com,Poland,7,7,Lexus,IS-F,$2536427.26
186,Aguie,Casburn,acasburn55@miibeian.gov.cn,France,5,5,Chevrolet,1500,$3317167.74
187,Crystie,Jencken,cjencken56@scientificamerican.com,Japan,6,6,Mitsubishi,Mirage,$1044708.75
188,Tailor,Gooch,tgooch57@paginegialle.it,China,4,4,Chevrolet,Impala,$5127335.48
189,Louisette,Dake,ldake58@narod.ru,Poland,9,9,Toyota,RAV4,$5226351.25
190,Byran,Pieracci,bpieracci59@mlb.com,Kazakhstan,4,4,Chevrolet,Impala,$5127335.48
191,Gasparo,Bissatt,gbissatt5a@symantec.com,China,5,5,Chevrolet,1500,$3317167.74
192,Bram,Pinchback,bpinchback5b@creativecommons.org,Czech Republic,1,1,Chevrolet,Monte Carlo,$6790905.84
193,Wilburt,Quarmby,wquarmby5c@photobucket.com,China,5,5,Chevrolet,1500,$3317167.74
194,Marylin,Streatfield,mstreatfield5d@ovh.net,China,6,6,Mitsubishi,Mirage,$1044708.75
195,Marcie,Duberry,mduberry5e@hatena.ne.jp,Poland,4,4,Chevrolet,Impala,$5127335.48
196,Farr,Bortoluzzi,fbortoluzzi5f@sphinn.com,Philippines,3,3,Chrysler,Prowler,$2384308.95
197,Gwenneth,Hardy-Piggin,ghardypiggin5g@cyberchimps.com,Thailand,5,5,Chevrolet,1500,$3317167.74
198,Zora,Ettridge,zettridge5h@qq.com,China,2,2,BMW,3 Series,$1078577.24
199,Brandon,Clewer,bclewer5i@parallels.com,Indonesia,6,6,Mitsubishi,Mirage,$1044708.75
200,Townsend,McKiddin,tmckiddin5j@blogs.com,Armenia,4,4,Chevrolet,Impala,$5127335.48
201,Dante,Maunton,dmaunton5k@list-manage.com,Indonesia,6,6,Mitsubishi,Mirage,$1044708.75
202,Angelica,Chappel,achappel5l@tamu.edu,Indonesia,1,1,Chevrolet,Monte Carlo,$6790905.84
203,Legra,Jahnisch,ljahnisch5m@icq.com,Philippines,5,5,Chevrolet,1500,$3317167.74
204,Gallard,Yakobovitz,gyakobovitz5n@privacy.gov.au,Albania,4,4,Chevrolet,Impala,$5127335.48
205,Tammy,Wharf,twharf5o@wikipedia.org,Philippines,8,8,Saab,900,$6030155.99
207,Vikki,Stollen,vstollen5q@google.ca,Indonesia,6,6,Mitsubishi,Mirage,$1044708.75
208,Hadrian,Herries,hherries5r@cam.ac.uk,United States,9,9,Toyota,RAV4,$5226351.25
209,Sylvia,Godin,sgodin5s@phpbb.com,Poland,10,10,Subaru,Leone,$1923454.60
210,Willard,Kenforth,wkenforth5t@newyorker.com,Philippines,6,6,Mitsubishi,Mirage,$1044708.75
211,Gerhardt,Lorrimer,glorrimer5u@hatena.ne.jp,Nigeria,7,7,Lexus,IS-F,$2536427.26
212,Fields,Pankethman,fpankethman5v@sogou.com,China,5,5,Chevrolet,1500,$3317167.74
213,Aggy,Hambridge,ahambridge5w@businessweek.com,Madagascar,7,7,Lexus,IS-F,$2536427.26
214,Bennett,Tivolier,btivolier5x@livejournal.com,Botswana,3,3,Chrysler,Prowler,$2384308.95
215,Benedikt,Milch,bmilch5y@howstuffworks.com,Brazil,10,10,Subaru,Leone,$1923454.60
216,Rowan,Rains,rrains5z@purevolume.com,China,9,9,Toyota,RAV4,$5226351.25
217,Welbie,Penquet,wpenquet60@theatlantic.com,Philippines,2,2,BMW,3 Series,$1078577.24
218,Alida,Josse,ajosse61@smh.com.au,China,8,8,Saab,900,$6030155.99
219,Appolonia,Parks,aparks62@rediff.com,China,8,8,Saab,900,$6030155.99
220,Emanuele,Atchly,eatchly63@house.gov,Russia,7,7,Lexus,IS-F,$2536427.26
222,Crin,Bourhill,cbourhill65@altervista.org,Kyrgyzstan,6,6,Mitsubishi,Mirage,$1044708.75
223,Kit,Gorton,kgorton66@ycombinator.com,Indonesia,3,3,Chrysler,Prowler,$2384308.95
224,Gabriel,Gallymore,ggallymore67@prnewswire.com,Brazil,1,1,Chevrolet,Monte Carlo,$6790905.84
225,Portie,Yewen,pyewen68@amazonaws.com,Panama,8,8,Saab,900,$6030155.99
226,Julieta,Giraudat,jgiraudat69@redcross.org,Japan,8,8,Saab,900,$6030155.99
227,Teodora,Greene,tgreene6a@google.fr,Chile,5,5,Chevrolet,1500,$3317167.74
228,Frasquito,Castenda,fcastenda6b@ycombinator.com,United States,5,5,Chevrolet,1500,$3317167.74
229,Johnathan,Pigram,jpigram6c@prweb.com,Brazil,10,10,Subaru,Leone,$1923454.60
230,Binnie,Sandwith,bsandwith6d@cornell.edu,Sweden,5,5,Chevrolet,1500,$3317167.74
231,Eolande,Steen,esteen6e@nyu.edu,China,1,1,Chevrolet,Monte Carlo,$6790905.84
233,Delcine,Arkell,darkell6g@about.com,Kenya,8,8,Saab,900,$6030155.99
234,Townie,Fritche,tfritche6h@cbslocal.com,China,5,5,Chevrolet,1500,$3317167.74
235,Dulcea,Laughlan,dlaughlan6i@studiopress.com,Poland,3,3,Chrysler,Prowler,$2384308.95
236,Ole,Signe,osigne6j@sbwire.com,Russia,7,7,Lexus,IS-F,$2536427.26
237,Spencer,Addison,saddison6k@yellowbook.com,United States,4,4,Chevrolet,Impala,$5127335.48
238,Dorita,Barlee,dbarlee6l@instagram.com,Portugal,1,1,Chevrolet,Monte Carlo,$6790905.84
239,Irwinn,Ostrich,iostrich6m@histats.com,China,9,9,Toyota,RAV4,$5226351.25
240,Godfree,Jeannin,gjeannin6n@indiatimes.com,France,6,6,Mitsubishi,Mirage,$1044708.75
241,Anthony,Tirkin,atirkin6o@cisco.com,China,2,2,BMW,3 Series,$1078577.24
242,Juliane,Cantor,jcantor6p@tuttocitta.it,Indonesia,9,9,Toyota,RAV4,$5226351.25
243,Catharine,Rubinovitsch,crubinovitsch6q@paginegialle.it,Jamaica,4,4,Chevrolet,Impala,$5127335.48
244,Andrey,Fernley,afernley6r@pbs.org,Indonesia,5,5,Chevrolet,1500,$3317167.74
245,Giavani,Peregrine,gperegrine6s@ibm.com,China,1,1,Chevrolet,Monte Carlo,$6790905.84
246,Zane,Corkell,zcorkell6t@wordpress.com,China,7,7,Lexus,IS-F,$2536427.26
247,Geneva,Casero,gcasero6u@bloglines.com,Uganda,1,1,Chevrolet,Monte Carlo,$6790905.84
248,Aloin,Ashbey,aashbey6v@house.gov,Ukraine,1,1,Chevrolet,Monte Carlo,$6790905.84
249,Consalve,Bourgourd,cbourgourd6w@hhs.gov,Czech Republic,4,4,Chevrolet,Impala,$5127335.48
250,Olivero,Kerridge,okerridge6x@cornell.edu,Iran,8,8,Saab,900,$6030155.99
251,Krista,Falconbridge,kfalconbridge6y@bravesites.com,Japan,2,2,BMW,3 Series,$1078577.24
252,Brigham,Gleave,bgleave6z@kickstarter.com,Greece,8,8,Saab,900,$6030155.99
253,Lovell,Sparshott,lsparshott70@moonfruit.com,Croatia,9,9,Toyota,RAV4,$5226351.25
254,Lane,Pelman,lpelman71@nytimes.com,China,6,6,Mitsubishi,Mirage,$1044708.75
255,Auguste,Suscens,asuscens72@prlog.org,Argentina,8,8,Saab,900,$6030155.99
256,Elisha,Moncreif,emoncreif73@a8.net,Sweden,7,7,Lexus,IS-F,$2536427.26
257,Margaux,Cannicott,mcannicott74@marriott.com,China,9,9,Toyota,RAV4,$5226351.25
258,Lion,Elby,lelby75@earthlink.net,France,9,9,Toyota,RAV4,$5226351.25
260,Sully,Pont,spont77@is.gd,Brazil,1,1,Chevrolet,Monte Carlo,$6790905.84
261,Ema,Jzak,ejzak78@google.com.br,Sweden,7,7,Lexus,IS-F,$2536427.26
263,Wake,Buzzing,wbuzzing7a@hexun.com,China,6,6,Mitsubishi,Mirage,$1044708.75
264,Tadeo,Rubinowitsch,trubinowitsch7b@amazon.com,China,10,10,Subaru,Leone,$1923454.60
265,Oliver,Imeson,oimeson7c@deliciousdays.com,China,7,7,Lexus,IS-F,$2536427.26
266,Flemming,Durbyn,fdurbyn7d@google.com.hk,Slovenia,5,5,Chevrolet,1500,$3317167.74
267,Maureene,Hurburt,mhurburt7e@senate.gov,Russia,8,8,Saab,900,$6030155.99
268,Hadrian,Santora,hsantora7f@g.co,Colombia,2,2,BMW,3 Series,$1078577.24
269,Constancy,Gaynsford,cgaynsford7g@yelp.com,Pakistan,1,1,Chevrolet,Monte Carlo,$6790905.84
270,Emili,Cliff,ecliff7h@sun.com,Canada,6,6,Mitsubishi,Mirage,$1044708.75
271,Tova,Jermey,tjermey7i@skype.com,Indonesia,2,2,BMW,3 Series,$1078577.24
272,Erda,Durham,edurham7j@marketwatch.com,China,10,10,Subaru,Leone,$1923454.60
273,Moritz,Duthy,mduthy7k@netvibes.com,China,2,2,BMW,3 Series,$1078577.24
274,Carie,Huller,chuller7l@nifty.com,Thailand,7,7,Lexus,IS-F,$2536427.26
275,Giselbert,Andreasen,gandreasen7m@mapy.cz,Portugal,6,6,Mitsubishi,Mirage,$1044708.75
276,Agnes,Sambrok,asambrok7n@wikia.com,Indonesia,4,4,Chevrolet,Impala,$5127335.48
277,Townsend,Farndon,tfarndon7o@artisteer.com,Portugal,1,1,Chevrolet,Monte Carlo,$6790905.84
278,Darius,Brookz,dbrookz7p@imdb.com,Peru,5,5,Chevrolet,1500,$3317167.74
279,Wallie,Dilnot,wdilnot7q@google.es,Sweden,4,4,Chevrolet,Impala,$5127335.48
280,Zilvia,Miebes,zmiebes7r@techcrunch.com,Philippines,1,1,Chevrolet,Monte Carlo,$6790905.84
281,Howard,Morais,hmorais7s@gov.uk,Philippines,4,4,Chevrolet,Impala,$5127335.48
282,Gibb,Coggan,gcoggan7t@cnn.com,China,9,9,Toyota,RAV4,$5226351.25
283,Rock,Desantis,rdesantis7u@latimes.com,France,1,1,Chevrolet,Monte Carlo,$6790905.84
284,Nonnah,Stickler,nstickler7v@cmu.edu,Russia,5,5,Chevrolet,1500,$3317167.74
286,Mackenzie,Bortoloni,mbortoloni7x@cam.ac.uk,Madagascar,4,4,Chevrolet,Impala,$5127335.48
287,Rustin,Karlowicz,rkarlowicz7y@domainmarket.com,Chile,2,2,BMW,3 Series,$1078577.24
288,Cassandra,Grossman,cgrossman7z@icq.com,France,4,4,Chevrolet,Impala,$5127335.48
289,Alexandr,Van der Beken,avanderbeken80@amazon.com,Brazil,1,1,Chevrolet,Monte Carlo,$6790905.84
290,Quincey,Kirkbride,qkirkbride81@github.io,Indonesia,7,7,Lexus,IS-F,$2536427.26
291,Kane,Thrift,kthrift82@so-net.ne.jp,Indonesia,6,6,Mitsubishi,Mirage,$1044708.75
292,Jordon,Kiss,jkiss83@noaa.gov,Brazil,1,1,Chevrolet,Monte Carlo,$6790905.84
293,Dillon,Dallander,ddallander84@va.gov,Argentina,3,3,Chrysler,Prowler,$2384308.95
294,Gaven,Valero,gvalero85@reference.com,Sweden,2,2,BMW,3 Series,$1078577.24
295,Juliana,Grahame,jgrahame86@google.ru,Indonesia,8,8,Saab,900,$6030155.99
296,Millie,Ellington,mellington87@ucla.edu,Guatemala,4,4,Chevrolet,Impala,$5127335.48
297,Peirce,Yorston,pyorston88@ed.gov,Sweden,7,7,Lexus,IS-F,$2536427.26
298,Barth,Lead,blead89@delicious.com,China,9,9,Toyota,RAV4,$5226351.25
299,Sidonnie,Clendening,sclendening8a@ovh.net,Brazil,8,8,Saab,900,$6030155.99
300,Rhodie,Naile,rnaile8b@imdb.com,Indonesia,3,3,Chrysler,Prowler,$2384308.95
301,Yetta,Longdon,ylongdon8c@salon.com,Norway,7,7,Lexus,IS-F,$2536427.26
302,Kikelia,Minster,kminster8d@tumblr.com,Slovenia,2,2,BMW,3 Series,$1078577.24
303,Carolyn,Leyrroyd,cleyrroyd8e@google.nl,Indonesia,8,8,Saab,900,$6030155.99
304,Claribel,Von Der Empten,cvonderempten8f@vkontakte.ru,Russia,5,5,Chevrolet,1500,$3317167.74
305,Waylin,Clavey,wclavey8g@telegraph.co.uk,Portugal,7,7,Lexus,IS-F,$2536427.26
306,Molly,Mattheus,mmattheus8h@dion.ne.jp,China,7,7,Lexus,IS-F,$2536427.26
307,Fabiano,Caley,fcaley8i@bandcamp.com,Luxembourg,6,6,Mitsubishi,Mirage,$1044708.75
308,Enrichetta,Elliff,eelliff8j@cdc.gov,Nigeria,5,5,Chevrolet,1500,$3317167.74
309,Orel,Storms,ostorms8k@diigo.com,China,9,9,Toyota,RAV4,$5226351.25
310,Chad,MacAlinden,cmacalinden8l@geocities.jp,Greece,7,7,Lexus,IS-F,$2536427.26
311,Carrol,Medgewick,cmedgewick8m@ucoz.com,Indonesia,5,5,Chevrolet,1500,$3317167.74
312,Grange,Crozier,gcrozier8n@ox.ac.uk,Sweden,2,2,BMW,3 Series,$1078577.24
314,Berny,Bumpas,bbumpas8p@tinyurl.com,Portugal,9,9,Toyota,RAV4,$5226351.25
315,Iseabal,Franzetti,ifranzetti8q@bloglovin.com,Belgium,2,2,BMW,3 Series,$1078577.24
316,Bogart,Jahner,bjahner8r@merriam-webster.com,Russia,1,1,Chevrolet,Monte Carlo,$6790905.84
317,Leeanne,Kegley,lkegley8s@dailymail.co.uk,China,9,9,Toyota,RAV4,$5226351.25
318,Temple,Renfield,trenfield8t@vistaprint.com,Iran,4,4,Chevrolet,Impala,$5127335.48
319,Dotti,Shilleto,dshilleto8u@pinterest.com,China,8,8,Saab,900,$6030155.99
320,Mable,Buddles,mbuddles8v@unicef.org,France,7,7,Lexus,IS-F,$2536427.26
321,Olly,Hamilton,ohamilton8w@netvibes.com,Philippines,7,7,Lexus,IS-F,$2536427.26
322,Muhammad,Langran,mlangran8x@ft.com,Armenia,3,3,Chrysler,Prowler,$2384308.95
323,Linzy,Patinkin,lpatinkin8y@google.ru,Norway,6,6,Mitsubishi,Mirage,$1044708.75
324,Callean,Todman,ctodman8z@sphinn.com,United States,3,3,Chrysler,Prowler,$2384308.95
325,Loydie,Westbury,lwestbury90@joomla.org,Japan,5,5,Chevrolet,1500,$3317167.74
326,Horatius,Stoter,hstoter91@wikipedia.org,South Africa,10,10,Subaru,Leone,$1923454.60
327,Bard,Dovington,bdovington92@xing.com,Myanmar,1,1,Chevrolet,Monte Carlo,$6790905.84
328,Fifine,Margaret,fmargaret93@sciencedirect.com,Thailand,2,2,BMW,3 Series,$1078577.24
329,Hobie,Jeffers,hjeffers94@lycos.com,Peru,3,3,Chrysler,Prowler,$2384308.95
330,Upton,Fairbairn,ufairbairn95@github.com,China,3,3,Chrysler,Prowler,$2384308.95
331,Valerie,Igoe,vigoe96@vkontakte.ru,Peru,2,2,BMW,3 Series,$1078577.24
332,Alphonso,Huey,ahuey97@redcross.org,Portugal,6,6,Mitsubishi,Mirage,$1044708.75
333,Almire,Allabush,aallabush98@columbia.edu,Norway,1,1,Chevrolet,Monte Carlo,$6790905.84
334,Ivette,Artinstall,iartinstall99@stanford.edu,France,6,6,Mitsubishi,Mirage,$1044708.75
335,Beatrix,Trimbey,btrimbey9a@bandcamp.com,Argentina,2,2,BMW,3 Series,$1078577.24
336,Bail,Purkis,bpurkis9b@theguardian.com,Canada,5,5,Chevrolet,1500,$3317167.74
337,Sidonia,Pearne,spearne9c@accuweather.com,Portugal,4,4,Chevrolet,Impala,$5127335.48
338,Rozelle,Croft,rcroft9d@nhs.uk,Portugal,5,5,Chevrolet,1500,$3317167.74
340,Olin,Purser,opurser9f@google.ca,Kyrgyzstan,2,2,BMW,3 Series,$1078577.24
341,Charil,Cristou,ccristou9g@mlb.com,Montenegro,7,7,Lexus,IS-F,$2536427.26
342,Claybourne,Mateev,cmateev9h@chron.com,China,1,1,Chevrolet,Monte Carlo,$6790905.84
343,Hali,Spaule,hspaule9i@harvard.edu,Indonesia,1,1,Chevrolet,Monte Carlo,$6790905.84
344,Sosanna,Gallie,sgallie9j@chicagotribune.com,Dominican Republic,10,10,Subaru,Leone,$1923454.60
345,Harwilll,Harty,hharty9k@slideshare.net,Sweden,7,7,Lexus,IS-F,$2536427.26
347,Terrel,Davio,tdavio9m@github.com,New Zealand,9,9,Toyota,RAV4,$5226351.25
349,Florri,Fewell,ffewell9o@stanford.edu,Portugal,5,5,Chevrolet,1500,$3317167.74
350,Free,Dickens,fdickens9p@baidu.com,Indonesia,8,8,Saab,900,$6030155.99
351,Anne,Langthorne,alangthorne9q@wix.com,China,7,7,Lexus,IS-F,$2536427.26
352,Zerk,Kennford,zkennford9r@state.tx.us,Peru,7,7,Lexus,IS-F,$2536427.26
353,Rodolphe,Doughartie,rdoughartie9s@reference.com,China,9,9,Toyota,RAV4,$5226351.25
354,Denice,Coolbear,dcoolbear9t@apache.org,Portugal,9,9,Toyota,RAV4,$5226351.25
355,Shelby,Jochanany,sjochanany9u@unc.edu,United States,8,8,Saab,900,$6030155.99
356,Cass,Reye,creye9v@scientificamerican.com,China,10,10,Subaru,Leone,$1923454.60
358,Evelyn,Wyss,ewyss9x@wix.com,Slovenia,1,1,Chevrolet,Monte Carlo,$6790905.84
359,Graehme,Toplis,gtoplis9y@pinterest.com,Brazil,8,8,Saab,900,$6030155.99
360,Jordain,Tydeman,jtydeman9z@google.co.uk,Indonesia,3,3,Chrysler,Prowler,$2384308.95
361,Thorstein,Tumioto,ttumiotoa0@cam.ac.uk,Philippines,7,7,Lexus,IS-F,$2536427.26
363,Kacy,Vedntyev,kvedntyeva2@dyndns.org,Myanmar,5,5,Chevrolet,1500,$3317167.74
364,Taryn,Bendley,tbendleya3@springer.com,Sweden,1,1,Chevrolet,Monte Carlo,$6790905.84
365,Kial,Gumly,kgumlya4@gravatar.com,Russia,2,2,BMW,3 Series,$1078577.24
366,Jobyna,Leathard,jleatharda5@360.cn,Armenia,4,4,Chevrolet,Impala,$5127335.48
367,Dorey,McCallum,dmccalluma6@github.io,Indonesia,9,9,Toyota,RAV4,$5226351.25
368,Carey,Cowl,ccowla7@vistaprint.com,Slovenia,3,3,Chrysler,Prowler,$2384308.95
369,Nickolai,Ecclestone,necclestonea8@vinaora.com,Russia,5,5,Chevrolet,1500,$3317167.74
370,Charlene,Sandeland,csandelanda9@cloudflare.com,China,7,7,Lexus,IS-F,$2536427.26
371,Herby,Conningham,hconninghamaa@upenn.edu,Russia,8,8,Saab,900,$6030155.99
372,Link,Roxbee,lroxbeeab@icq.com,Brazil,8,8,Saab,900,$6030155.99
373,Christophorus,Ekkel,cekkelac@senate.gov,China,10,10,Subaru,Leone,$1923454.60
374,Cristionna,Batcock,cbatcockad@drupal.org,United States,8,8,Saab,900,$6030155.99
375,Davis,Helian,dhelianae@seesaa.net,Czech Republic,4,4,Chevrolet,Impala,$5127335.48
376,Rosco,Taveriner,rtaverineraf@shop-pro.jp,Philippines,2,2,BMW,3 Series,$1078577.24
377,Aviva,Guinn,aguinnag@ustream.tv,Philippines,2,2,BMW,3 Series,$1078577.24
378,Fitz,Rivalland,frivallandah@naver.com,Estonia,6,6,Mitsubishi,Mirage,$1044708.75
379,Dominica,Luetkemeyers,dluetkemeyersai@weebly.com,Indonesia,2,2,BMW,3 Series,$1078577.24
380,Drusy,Papworth,dpapworthaj@nsw.gov.au,Poland,10,10,Subaru,Leone,$1923454.60
381,Morten,Hopkynson,mhopkynsonak@hatena.ne.jp,China,5,5,Chevrolet,1500,$3317167.74
382,Husain,Wedmore.,hwedmoreal@tripod.com,China,8,8,Saab,900,$6030155.99
383,Abbie,Roggeman,aroggemanam@unblog.fr,South Africa,6,6,Mitsubishi,Mirage,$1044708.75
384,Giavani,Shinn,gshinnan@vk.com,Indonesia,1,1,Chevrolet,Monte Carlo,$6790905.84
385,Ignazio,Colkett,icolkettao@timesonline.co.uk,Nepal,4,4,Chevrolet,Impala,$5127335.48
386,Alexina,Cartledge,acartledgeap@ow.ly,Poland,6,6,Mitsubishi,Mirage,$1044708.75
387,Claudianus,Turfus,cturfusaq@studiopress.com,China,8,8,Saab,900,$6030155.99
388,Noelyn,Gellert,ngellertar@techcrunch.com,Portugal,7,7,Lexus,IS-F,$2536427.26
389,Jeanne,Bartelot,jbartelotas@goo.gl,Aland Islands,6,6,Mitsubishi,Mirage,$1044708.75
390,Jameson,Minico,jminicoat@accuweather.com,Poland,7,7,Lexus,IS-F,$2536427.26
392,Sergei,Dongate,sdongateav@ycombinator.com,Israel,2,2,BMW,3 Series,$1078577.24
393,Shara,O'Dee,sodeeaw@salon.com,Argentina,7,7,Lexus,IS-F,$2536427.26
394,Suzette,Beardwood,sbeardwoodax@unicef.org,China,4,4,Chevrolet,Impala,$5127335.48
395,Israel,Ganforthe,iganfortheay@g.co,Russia,4,4,Chevrolet,Impala,$5127335.48
396,Randolph,Bushaway,rbushawayaz@friendfeed.com,Slovenia,9,9,Toyota,RAV4,$5226351.25
397,Mirella,Little,mlittleb0@fastcompany.com,Cameroon,10,10,Subaru,Leone,$1923454.60
398,Derk,Itzcovich,ditzcovichb1@shareasale.com,Afghanistan,7,7,Lexus,IS-F,$2536427.26
399,Abby,Hounson,ahounsonb2@oaic.gov.au,South Korea,8,8,Saab,900,$6030155.99
400,Pattin,Zellner,pzellnerb3@comsenz.com,China,6,6,Mitsubishi,Mirage,$1044708.75
402,Nickolai,Walkden,nwalkdenb5@imgur.com,Indonesia,7,7,Lexus,IS-F,$2536427.26
403,Rossy,Hatherell,rhatherellb6@youku.com,China,2,2,BMW,3 Series,$1078577.24
404,Claudius,Askin,caskinb7@comsenz.com,Japan,10,10,Subaru,Leone,$1923454.60
406,Emerson,Bransgrove,ebransgroveb9@narod.ru,Pakistan,9,9,Toyota,RAV4,$5226351.25
407,Terencio,Meadway,tmeadwayba@1und1.de,Brazil,5,5,Chevrolet,1500,$3317167.74
408,Gwyn,Ivshin,givshinbb@army.mil,Argentina,7,7,Lexus,IS-F,$2536427.26
410,Earl,Surplice,esurplicebd@live.com,Philippines,8,8,Saab,900,$6030155.99
411,Renae,Oubridge,roubridgebe@people.com.cn,Indonesia,8,8,Saab,900,$6030155.99
412,Nerita,McNish,nmcnishbf@oracle.com,Peru,2,2,BMW,3 Series,$1078577.24
413,Tymon,Loney,tloneybg@privacy.gov.au,France,2,2,BMW,3 Series,$1078577.24
414,Carly,Beeble,cbeeblebh@dedecms.com,Philippines,3,3,Chrysler,Prowler,$2384308.95
415,Vladimir,Tack,vtackbi@answers.com,Indonesia,8,8,Saab,900,$6030155.99
416,Juliana,Bettanay,jbettanaybj@ox.ac.uk,Ukraine,6,6,Mitsubishi,Mirage,$1044708.75
417,Verna,Mc Coughan,vmccoughanbk@rambler.ru,Indonesia,2,2,BMW,3 Series,$1078577.24
418,Lincoln,Fludder,lfludderbl@cpanel.net,United States,5,5,Chevrolet,1500,$3317167.74
419,Rudyard,Giraldez,rgiraldezbm@hp.com,China,4,4,Chevrolet,Impala,$5127335.48
420,Dewitt,Opie,dopiebn@quantcast.com,Azerbaijan,1,1,Chevrolet,Monte Carlo,$6790905.84
422,Care,Guslon,cguslonbp@wiley.com,China,10,10,Subaru,Leone,$1923454.60
423,Patrizio,Caltun,pcaltunbq@mapquest.com,Poland,5,5,Chevrolet,1500,$3317167.74
424,Lavinie,Berriman,lberrimanbr@technorati.com,Russia,1,1,Chevrolet,Monte Carlo,$6790905.84
425,Adham,Raund,araundbs@boston.com,Panama,4,4,Chevrolet,Impala,$5127335.48
426,Rodolphe,Puig,rpuigbt@paginegialle.it,Portugal,7,7,Lexus,IS-F,$2536427.26
427,Ediva,Offin,eoffinbu@ted.com,United States,9,9,Toyota,RAV4,$5226351.25
428,Sandor,Genders,sgendersbv@theglobeandmail.com,Portugal,1,1,Chevrolet,Monte Carlo,$6790905.84
429,Ricky,Moult,rmoultbw@live.com,Russia,4,4,Chevrolet,Impala,$5127335.48
430,Darcy,Cranham,dcranhambx@usnews.com,Indonesia,4,4,Chevrolet,Impala,$5127335.48
431,Gwendolen,De Mattei,gdematteiby@squidoo.com,New Caledonia,6,6,Mitsubishi,Mirage,$1044708.75
432,Wini,Caplen,wcaplenbz@ucoz.ru,Argentina,9,9,Toyota,RAV4,$5226351.25
435,Alix,Brisland,abrislandc2@hud.gov,Vietnam,1,1,Chevrolet,Monte Carlo,$6790905.84
436,Simone,Gierok,sgierokc3@state.tx.us,China,7,7,Lexus,IS-F,$2536427.26
437,Marlon,Carding,mcardingc4@google.co.uk,China,6,6,Mitsubishi,Mirage,$1044708.75
439,Jeffry,Stegell,jstegellc6@mayoclinic.com,Latvia,2,2,BMW,3 Series,$1078577.24
440,Antone,Schechter,aschechterc7@sourceforge.net,Ethiopia,3,3,Chrysler,Prowler,$2384308.95
441,Silvia,Benton,sbentonc8@guardian.co.uk,Mauritania,4,4,Chevrolet,Impala,$5127335.48
442,Esmeralda,Powter,epowterc9@flickr.com,China,10,10,Subaru,Leone,$1923454.60
443,Joceline,Pell,jpellca@aol.com,Japan,7,7,Lexus,IS-F,$2536427.26
444,Sammie,Rozier,sroziercb@youtu.be,Indonesia,8,8,Saab,900,$6030155.99
445,Elvina,Eddy,eeddycc@comcast.net,Japan,2,2,BMW,3 Series,$1078577.24
446,Gisella,Rimes,grimescd@joomla.org,Brazil,9,9,Toyota,RAV4,$5226351.25
447,Temple,Spragge,tspraggece@uiuc.edu,Philippines,2,2,BMW,3 Series,$1078577.24
448,Terencio,Pendleton,tpendletoncf@yellowpages.com,China,4,4,Chevrolet,Impala,$5127335.48
449,Tobit,Pollack,tpollackcg@phoca.cz,Philippines,6,6,Mitsubishi,Mirage,$1044708.75
450,Kingsly,Daton,kdatonch@symantec.com,Portugal,1,1,Chevrolet,Monte Carlo,$6790905.84
451,Domingo,De la Yglesias,ddelayglesiasci@narod.ru,Austria,10,10,Subaru,Leone,$1923454.60
452,Sondra,Calderon,scalderoncj@sakura.ne.jp,Ukraine,9,9,Toyota,RAV4,$5226351.25
453,Kacy,Meneer,kmeneerck@seesaa.net,China,4,4,Chevrolet,Impala,$5127335.48
454,Salli,Dale,sdalecl@google.es,Indonesia,3,3,Chrysler,Prowler,$2384308.95
455,Megan,Siggers,msiggerscm@netlog.com,Philippines,3,3,Chrysler,Prowler,$2384308.95
456,Tootsie,Ree,treecn@netlog.com,France,2,2,BMW,3 Series,$1078577.24
457,Corabel,Brade,cbradeco@reuters.com,Ukraine,4,4,Chevrolet,Impala,$5127335.48
458,Penn,Klaussen,pklaussencp@samsung.com,South Africa,8,8,Saab,900,$6030155.99
459,Maurizia,Blaber,mblabercq@timesonline.co.uk,China,4,4,Chevrolet,Impala,$5127335.48
460,Sayers,Woolacott,swoolacottcr@huffingtonpost.com,Indonesia,4,4,Chevrolet,Impala,$5127335.48
461,Wright,MacInnes,wmacinnescs@multiply.com,United States,8,8,Saab,900,$6030155.99
462,Victoria,Reihm,vreihmct@seesaa.net,Jamaica,9,9,Toyota,RAV4,$5226351.25
463,Fredia,Oguz,foguzcu@pinterest.com,China,2,2,BMW,3 Series,$1078577.24
464,Des,Kleinmintz,dkleinmintzcv@163.com,Portugal,7,7,Lexus,IS-F,$2536427.26
465,Clio,Heinsius,cheinsiuscw@drupal.org,Vietnam,6,6,Mitsubishi,Mirage,$1044708.75
467,Tiena,Franklen,tfranklency@ftc.gov,Guatemala,6,6,Mitsubishi,Mirage,$1044708.75
468,Wyn,Siggs,wsiggscz@cisco.com,China,10,10,Subaru,Leone,$1923454.60
469,Aveline,Layborn,alaybornd0@biglobe.ne.jp,Peru,9,9,Toyota,RAV4,$5226351.25
470,Wynne,Durrant,wdurrantd1@edublogs.org,South Korea,6,6,Mitsubishi,Mirage,$1044708.75
471,Keir,Babcock,kbabcockd2@mediafire.com,Czech Republic,8,8,Saab,900,$6030155.99
472,Susann,Churchley,schurchleyd3@techcrunch.com,Micronesia,7,7,Lexus,IS-F,$2536427.26
473,Bevan,Boath,bboathd4@sitemeter.com,Germany,9,9,Toyota,RAV4,$5226351.25
474,Elysia,Tippetts,etippettsd5@scribd.com,Poland,7,7,Lexus,IS-F,$2536427.26
475,Conant,Peterffy,cpeterffyd6@surveymonkey.com,Czech Republic,9,9,Toyota,RAV4,$5226351.25
476,Flossi,Matteacci,fmatteaccid7@narod.ru,China,5,5,Chevrolet,1500,$3317167.74
477,Corey,Bellward,cbellwardd8@telegraph.co.uk,Venezuela,4,4,Chevrolet,Impala,$5127335.48
478,Paolina,Burgin,pburgind9@techcrunch.com,Argentina,6,6,Mitsubishi,Mirage,$1044708.75
479,Sterne,Milbank,smilbankda@yellowbook.com,Croatia,10,10,Subaru,Leone,$1923454.60
480,Dimitry,Grioli,dgriolidb@foxnews.com,France,7,7,Lexus,IS-F,$2536427.26
481,Maurizio,Enderson,mendersondc@webs.com,Brazil,9,9,Toyota,RAV4,$5226351.25
482,Timmie,Barstowk,tbarstowkdd@webnode.com,Argentina,7,7,Lexus,IS-F,$2536427.26
483,Hedwig,Wickens,hwickensde@wikipedia.org,Brazil,2,2,BMW,3 Series,$1078577.24
484,Elnora,Chown,echowndf@biblegateway.com,Egypt,8,8,Saab,900,$6030155.99
485,Godwin,Pinnington,gpinningtondg@microsoft.com,Peru,5,5,Chevrolet,1500,$3317167.74
486,Jeanie,Sleightholme,jsleightholmedh@ed.gov,Poland,1,1,Chevrolet,Monte Carlo,$6790905.84
487,Selia,Mehaffey,smehaffeydi@google.es,Philippines,10,10,Subaru,Leone,$1923454.60
489,Myrtice,Stollberg,mstollbergdk@cnet.com,Japan,9,9,Toyota,RAV4,$5226351.25
490,Wain,Motte,wmottedl@npr.org,China,4,4,Chevrolet,Impala,$5127335.48
491,Moe,Lamping,mlampingdm@digg.com,China,10,10,Subaru,Leone,$1923454.60
492,Neal,Newcomb,nnewcombdn@ca.gov,Indonesia,8,8,Saab,900,$6030155.99
493,Lonni,Benjamin,lbenjamindo@house.gov,Argentina,4,4,Chevrolet,Impala,$5127335.48
494,Heall,Lough,hloughdp@ebay.co.uk,Poland,8,8,Saab,900,$6030155.99
495,Wally,Bernath,wbernathdq@smh.com.au,Brazil,3,3,Chrysler,Prowler,$2384308.95
496,Sallee,Balffye,sbalffyedr@ovh.net,Nigeria,6,6,Mitsubishi,Mirage,$1044708.75
497,Prudy,Poleykett,ppoleykettds@ustream.tv,Brazil,9,9,Toyota,RAV4,$5226351.25
498,Farris,Harnetty,fharnettydt@devhub.com,Philippines,3,3,Chrysler,Prowler,$2384308.95
499,Ailis,Halms,ahalmsdu@vkontakte.ru,Portugal,7,7,Lexus,IS-F,$2536427.26
500,Kipp,Bason,kbasondv@shareasale.com,Swaziland,4,4,Chevrolet,Impala,$5127335.48
501,Gaelan,O'Halleghane,gohalleghanedw@reference.com,Poland,7,7,Lexus,IS-F,$2536427.26
502,Glad,Mulhill,gmulhilldx@oakley.com,Indonesia,2,2,BMW,3 Series,$1078577.24
503,Galen,McCrisken,gmccriskendy@baidu.com,China,1,1,Chevrolet,Monte Carlo,$6790905.84
504,Baily,Danilovitch,bdanilovitchdz@liveinternet.ru,Mongolia,8,8,Saab,900,$6030155.99
505,Marjorie,Gravenell,mgravenelle0@geocities.com,Colombia,10,10,Subaru,Leone,$1923454.60
506,Pietro,Cole,pcolee1@abc.net.au,Philippines,6,6,Mitsubishi,Mirage,$1044708.75
507,Demetria,Daldan,ddaldane2@tripod.com,Indonesia,5,5,Chevrolet,1500,$3317167.74
508,Russell,Peerless,rpeerlesse3@about.com,Indonesia,3,3,Chrysler,Prowler,$2384308.95
510,Alvy,Dohr,adohre5@mozilla.com,Russia,6,6,Mitsubishi,Mirage,$1044708.75
511,Ruggiero,Sheerman,rsheermane6@forbes.com,Bulgaria,2,2,BMW,3 Series,$1078577.24
512,Guendolen,Grayson,ggraysone7@reuters.com,Czech Republic,5,5,Chevrolet,1500,$3317167.74
513,Isabella,Sneyd,isneyde8@mapy.cz,Brazil,1,1,Chevrolet,Monte Carlo,$6790905.84
514,Kimble,Gillian,kgilliane9@nytimes.com,Yemen,9,9,Toyota,RAV4,$5226351.25
515,Albertina,Pocknoll,apocknollea@skyrock.com,Japan,1,1,Chevrolet,Monte Carlo,$6790905.84
516,Giustina,Affleck,gaffleckeb@artisteer.com,Azerbaijan,4,4,Chevrolet,Impala,$5127335.48
517,Kurtis,Key,kkeyec@people.com.cn,Sweden,2,2,BMW,3 Series,$1078577.24
518,Heida,Bengtsen,hbengtsened@sina.com.cn,Morocco,10,10,Subaru,Leone,$1923454.60
519,Camilla,Ewdale,cewdaleee@house.gov,Indonesia,7,7,Lexus,IS-F,$2536427.26
520,Bret,McPhilemy,bmcphilemyef@webnode.com,Libya,2,2,BMW,3 Series,$1078577.24
521,Renaldo,Styles,rstyleseg@plala.or.jp,Philippines,7,7,Lexus,IS-F,$2536427.26
522,Eugine,Boow,ebooweh@aol.com,Mexico,8,8,Saab,900,$6030155.99
523,Tully,Farrington,tfarringtonei@reuters.com,China,8,8,Saab,900,$6030155.99
524,Gamaliel,Bullivent,gbulliventej@columbia.edu,Colombia,3,3,Chrysler,Prowler,$2384308.95
525,Ramsay,Backen,rbackenek@cisco.com,Uganda,7,7,Lexus,IS-F,$2536427.26
526,Mina,Skoate,mskoateel@guardian.co.uk,China,2,2,BMW,3 Series,$1078577.24
527,Ty,Ebbles,tebblesem@networksolutions.com,Algeria,3,3,Chrysler,Prowler,$2384308.95
529,Harlen,Mizzi,hmizzieo@dailymail.co.uk,Colombia,2,2,BMW,3 Series,$1078577.24
531,Ernst,Lilbourne,elilbourneeq@1688.com,Belarus,5,5,Chevrolet,1500,$3317167.74
532,Guthry,Bothie,gbothieer@sourceforge.net,South Africa,3,3,Chrysler,Prowler,$2384308.95
534,Den,Dobbyn,ddobbynet@sciencedaily.com,Cuba,6,6,Mitsubishi,Mirage,$1044708.75
535,Tomasina,Searchwell,tsearchwelleu@imdb.com,Russia,5,5,Chevrolet,1500,$3317167.74
536,Thomas,Van Der Walt,tvanderwaltev@fema.gov,China,3,3,Chrysler,Prowler,$2384308.95
537,Ilaire,Brandsma,ibrandsmaew@so-net.ne.jp,Kazakhstan,4,4,Chevrolet,Impala,$5127335.48
538,Keith,Hryniewicz,khryniewiczex@goodreads.com,Brazil,10,10,Subaru,Leone,$1923454.60
539,Moina,Pepineaux,mpepineauxey@yolasite.com,Thailand,5,5,Chevrolet,1500,$3317167.74
540,Manfred,Duval,mduvalez@amazon.com,China,5,5,Chevrolet,1500,$3317167.74
541,Kissee,de Grey,kdegreyf0@networksolutions.com,China,8,8,Saab,900,$6030155.99
544,Ashby,Juett,ajuettf3@bbb.org,France,7,7,Lexus,IS-F,$2536427.26
546,Preston,McMinn,pmcminnf5@blogtalkradio.com,Russia,2,2,BMW,3 Series,$1078577.24
547,Kalvin,Anwyl,kanwylf6@constantcontact.com,Hungary,4,4,Chevrolet,Impala,$5127335.48
548,Friederike,Sheards,fsheardsf7@bandcamp.com,Mali,6,6,Mitsubishi,Mirage,$1044708.75
549,Neale,Proschke,nproschkef8@go.com,Greece,9,9,Toyota,RAV4,$5226351.25
550,Frannie,Yushkin,fyushkinf9@bluehost.com,Indonesia,10,10,Subaru,Leone,$1923454.60
551,Kerwin,Rolfo,krolfofa@ted.com,Sweden,5,5,Chevrolet,1500,$3317167.74
552,Welby,Mcsarry,wmcsarryfb@linkedin.com,Czech Republic,6,6,Mitsubishi,Mirage,$1044708.75
553,Rodd,Sallarie,rsallariefc@mashable.com,China,3,3,Chrysler,Prowler,$2384308.95
554,Inglebert,Ridge,iridgefd@feedburner.com,Czech Republic,1,1,Chevrolet,Monte Carlo,$6790905.84
555,Dill,Phant,dphantfe@google.co.jp,South Korea,9,9,Toyota,RAV4,$5226351.25
556,Abigale,Scherer,aschererff@arstechnica.com,Azerbaijan,7,7,Lexus,IS-F,$2536427.26
557,Urban,Yerborn,uyerbornfg@dell.com,Palestinian Territory,4,4,Chevrolet,Impala,$5127335.48
558,Yevette,Tween,ytweenfh@oaic.gov.au,Thailand,3,3,Chrysler,Prowler,$2384308.95
559,Stearne,Barlow,sbarlowfi@discuz.net,Panama,10,10,Subaru,Leone,$1923454.60
560,Tildi,Clare,tclarefj@xrea.com,Indonesia,10,10,Subaru,Leone,$1923454.60
561,Donielle,Beddis,dbeddisfk@trellian.com,Netherlands,10,10,Subaru,Leone,$1923454.60
562,Aubrey,Heinlein,aheinleinfl@japanpost.jp,Indonesia,8,8,Saab,900,$6030155.99
563,Aurel,Ouchterlony,aouchterlonyfm@ucoz.com,Canada,4,4,Chevrolet,Impala,$5127335.48
564,Joellyn,Sendley,jsendleyfn@slideshare.net,Philippines,8,8,Saab,900,$6030155.99
566,Sandye,Lucas,slucasfp@wordpress.org,Honduras,9,9,Toyota,RAV4,$5226351.25
567,Addison,Hammerman,ahammermanfq@home.pl,Russia,2,2,BMW,3 Series,$1078577.24
568,Fleming,Connerly,fconnerlyfr@deliciousdays.com,Germany,1,1,Chevrolet,Monte Carlo,$6790905.84
569,Isadora,Sondland,isondlandfs@creativecommons.org,Nigeria,5,5,Chevrolet,1500,$3317167.74
570,Franciskus,Czajkowska,fczajkowskaft@noaa.gov,Peru,8,8,Saab,900,$6030155.99
571,Karena,Dobbison,kdobbisonfu@wisc.edu,Ethiopia,1,1,Chevrolet,Monte Carlo,$6790905.84
572,Arlen,Yeskov,ayeskovfv@digg.com,China,7,7,Lexus,IS-F,$2536427.26
573,Parker,Iacomi,piacomifw@biblegateway.com,Portugal,5,5,Chevrolet,1500,$3317167.74
574,Ki,Gonthard,kgonthardfx@jalbum.net,China,3,3,Chrysler,Prowler,$2384308.95
575,Odessa,D'orsay,odorsayfy@domainmarket.com,China,3,3,Chrysler,Prowler,$2384308.95
576,Keelia,O'Grada,kogradafz@networkadvertising.org,Russia,6,6,Mitsubishi,Mirage,$1044708.75
577,Fax,Mazzia,fmazziag0@nps.gov,China,6,6,Mitsubishi,Mirage,$1044708.75
578,Alexandrina,Lavens,alavensg1@bbb.org,China,5,5,Chevrolet,1500,$3317167.74
580,Gerhardt,Annion,ganniong3@mozilla.org,Indonesia,4,4,Chevrolet,Impala,$5127335.48
581,Moshe,Romaines,mromainesg4@dagondesign.com,Czech Republic,2,2,BMW,3 Series,$1078577.24
583,Sterling,Darmody,sdarmodyg6@kickstarter.com,China,1,1,Chevrolet,Monte Carlo,$6790905.84
584,Corabella,Eles,celesg7@naver.com,Brazil,5,5,Chevrolet,1500,$3317167.74
585,Gaylene,Chadderton,gchaddertong8@friendfeed.com,Russia,2,2,BMW,3 Series,$1078577.24
586,Gustave,Fanshawe,gfanshaweg9@slashdot.org,Russia,7,7,Lexus,IS-F,$2536427.26
587,Grazia,Nielson,gnielsonga@irs.gov,China,3,3,Chrysler,Prowler,$2384308.95
589,Gabriellia,Caunce,gcauncegc@goo.gl,Cuba,10,10,Subaru,Leone,$1923454.60
592,Rebe,Janew,rjanewgf@si.edu,Czech Republic,4,4,Chevrolet,Impala,$5127335.48
593,Cathyleen,Fradson,cfradsongg@plala.or.jp,Russia,9,9,Toyota,RAV4,$5226351.25
594,Modesty,Enstone,menstonegh@eepurl.com,United States,7,7,Lexus,IS-F,$2536427.26
595,Corenda,Duker,cdukergi@xrea.com,Brazil,10,10,Subaru,Leone,$1923454.60
597,Pierrette,O'Carroll,pocarrollgk@parallels.com,Canada,4,4,Chevrolet,Impala,$5127335.48
598,Christian,Gudgin,cgudgingl@chronoengine.com,France,7,7,Lexus,IS-F,$2536427.26
599,Xavier,Clowser,xclowsergm@webeden.co.uk,Morocco,7,7,Lexus,IS-F,$2536427.26
600,Temp,Attenborough,tattenboroughgn@bluehost.com,China,2,2,BMW,3 Series,$1078577.24
601,Mariejeanne,Corrado,mcorradogo@free.fr,Afghanistan,4,4,Chevrolet,Impala,$5127335.48
602,Eolande,Regis,eregisgp@examiner.com,China,9,9,Toyota,RAV4,$5226351.25
603,Tristan,Sturm,tsturmgq@trellian.com,Portugal,1,1,Chevrolet,Monte Carlo,$6790905.84
605,Obadiah,Hauch,ohauchgs@pagesperso-orange.fr,Ivory Coast,5,5,Chevrolet,1500,$3317167.74
607,Shannon,Prestedge,sprestedgegu@feedburner.com,Peru,3,3,Chrysler,Prowler,$2384308.95
608,Ervin,Farnhill,efarnhillgv@yelp.com,Indonesia,7,7,Lexus,IS-F,$2536427.26
609,Audrye,Varnes,avarnesgw@thetimes.co.uk,Peru,7,7,Lexus,IS-F,$2536427.26
610,Leroi,Volante,lvolantegx@geocities.jp,Indonesia,5,5,Chevrolet,1500,$3317167.74
612,Matty,Cough,mcoughgz@live.com,France,1,1,Chevrolet,Monte Carlo,$6790905.84
613,Immanuel,Philipard,iphilipardh0@netlog.com,Indonesia,9,9,Toyota,RAV4,$5226351.25
614,Nolan,Bryers,nbryersh1@scientificamerican.com,Sweden,2,2,BMW,3 Series,$1078577.24
615,Dedie,Yashunin,dyashuninh2@flavors.me,Indonesia,10,10,Subaru,Leone,$1923454.60
616,Melisse,Baxill,mbaxillh3@army.mil,Czech Republic,2,2,BMW,3 Series,$1078577.24
618,Allyn,Ochterlony,aochterlonyh5@cloudflare.com,Brazil,9,9,Toyota,RAV4,$5226351.25
620,Zacharias,Stanmer,zstanmerh7@ameblo.jp,Poland,5,5,Chevrolet,1500,$3317167.74
621,Sven,Nicholas,snicholash8@vistaprint.com,Russia,1,1,Chevrolet,Monte Carlo,$6790905.84
622,Udall,Elis,uelish9@vistaprint.com,Czech Republic,4,4,Chevrolet,Impala,$5127335.48
623,Minne,Whiten,mwhitenha@blogger.com,Philippines,2,2,BMW,3 Series,$1078577.24
624,Fulvia,Blooman,fbloomanhb@newsvine.com,Nigeria,5,5,Chevrolet,1500,$3317167.74
625,Delly,Guttridge,dguttridgehc@walmart.com,Poland,10,10,Subaru,Leone,$1923454.60
626,Jackie,Tiuit,jtiuithd@google.ru,Brazil,6,6,Mitsubishi,Mirage,$1044708.75
627,Madalyn,Middell,mmiddellhe@symantec.com,Honduras,8,8,Saab,900,$6030155.99
628,Adrian,McGuffie,amcguffiehf@sakura.ne.jp,Chile,8,8,Saab,900,$6030155.99
629,Wally,Raccio,wracciohg@berkeley.edu,Nepal,10,10,Subaru,Leone,$1923454.60
630,Pat,McLuckie,pmcluckiehh@last.fm,China,4,4,Chevrolet,Impala,$5127335.48
631,Rena,Penley,rpenleyhi@typepad.com,Poland,6,6,Mitsubishi,Mirage,$1044708.75
632,Gav,Hexham,ghexhamhj@japanpost.jp,China,8,8,Saab,900,$6030155.99
633,Gaile,Edworthy,gedworthyhk@cbsnews.com,Portugal,2,2,BMW,3 Series,$1078577.24
634,Tiffie,Anning,tanninghl@posterous.com,Venezuela,3,3,Chrysler,Prowler,$2384308.95
635,Gaylord,Keiling,gkeilinghm@ft.com,China,1,1,Chevrolet,Monte Carlo,$6790905.84
636,Guthry,Daville,gdavillehn@paginegialle.it,Indonesia,6,6,Mitsubishi,Mirage,$1044708.75
637,Bale,De Francisci,bdefrancisciho@reference.com,Portugal,9,9,Toyota,RAV4,$5226351.25
638,Bernardo,Bendixen,bbendixenhp@odnoklassniki.ru,United States,5,5,Chevrolet,1500,$3317167.74
639,Mickie,Clappson,mclappsonhq@fda.gov,Indonesia,5,5,Chevrolet,1500,$3317167.74
640,Bette-ann,Ringrose,bringrosehr@guardian.co.uk,Indonesia,6,6,Mitsubishi,Mirage,$1044708.75
641,Irita,MacTrustam,imactrustamhs@dailymotion.com,Thailand,5,5,Chevrolet,1500,$3317167.74
642,Nancee,Maciejewski,nmaciejewskiht@xrea.com,Paraguay,7,7,Lexus,IS-F,$2536427.26
643,Audre,Feldmann,afeldmannhu@clickbank.net,Portugal,8,8,Saab,900,$6030155.99
645,Vincenz,Coulthard,vcoulthardhw@ft.com,China,3,3,Chrysler,Prowler,$2384308.95
646,Daphne,Irnys,dirnyshx@typepad.com,Ukraine,4,4,Chevrolet,Impala,$5127335.48
647,Rena,Klimschak,rklimschakhy@infoseek.co.jp,China,4,4,Chevrolet,Impala,$5127335.48
648,Elna,Dagleas,edagleashz@ovh.net,China,6,6,Mitsubishi,Mirage,$1044708.75
649,Maggi,Killingback,mkillingbacki0@skyrock.com,Colombia,6,6,Mitsubishi,Mirage,$1044708.75
650,Jacklin,Sunock,jsunocki1@upenn.edu,Indonesia,9,9,Toyota,RAV4,$5226351.25
651,Lexie,Battleson,lbattlesoni2@shutterfly.com,Czech Republic,4,4,Chevrolet,Impala,$5127335.48
653,Kassi,Burchett,kburchetti4@ezinearticles.com,Russia,9,9,Toyota,RAV4,$5226351.25
654,Muffin,Nelm,mnelmi5@ebay.com,Mexico,1,1,Chevrolet,Monte Carlo,$6790905.84
655,Ferdie,Valeri,fvalerii6@twitter.com,China,1,1,Chevrolet,Monte Carlo,$6790905.84
657,Bette,Light,blighti8@umn.edu,Peru,5,5,Chevrolet,1500,$3317167.74
658,Andrey,Macey,amaceyi9@msu.edu,Mexico,3,3,Chrysler,Prowler,$2384308.95
659,Sonnnie,Greenhall,sgreenhallia@naver.com,Ireland,5,5,Chevrolet,1500,$3317167.74
660,Natale,Seres,nseresib@vkontakte.ru,Paraguay,10,10,Subaru,Leone,$1923454.60
661,Estrellita,Maureen,emaureenic@prweb.com,France,3,3,Chrysler,Prowler,$2384308.95
662,Danielle,Klisch,dklischid@dropbox.com,China,10,10,Subaru,Leone,$1923454.60
663,Waldemar,Hendrickx,whendrickxie@cbslocal.com,Portugal,5,5,Chevrolet,1500,$3317167.74
664,Bartholomeo,Cuttle,bcuttleif@arizona.edu,Peru,2,2,BMW,3 Series,$1078577.24
666,Billie,Tweedy,btweedyih@google.ru,Latvia,1,1,Chevrolet,Monte Carlo,$6790905.84
668,Melisenda,Farlow,mfarlowij@google.pl,Indonesia,9,9,Toyota,RAV4,$5226351.25
669,Dorothea,Gronaver,dgronaverik@pbs.org,China,6,6,Mitsubishi,Mirage,$1044708.75
670,Myrwyn,Boldt,mboldtil@soundcloud.com,Philippines,9,9,Toyota,RAV4,$5226351.25
671,Shell,Crysell,scrysellim@pinterest.com,Brazil,2,2,BMW,3 Series,$1078577.24
672,Athene,Corneljes,acorneljesin@chicagotribune.com,Belarus,4,4,Chevrolet,Impala,$5127335.48
673,Nance,Grevatt,ngrevattio@ovh.net,Philippines,5,5,Chevrolet,1500,$3317167.74
674,Cornie,Roden,crodenip@github.com,China,8,8,Saab,900,$6030155.99
675,Abbie,Raecroft,araecroftiq@washington.edu,China,3,3,Chrysler,Prowler,$2384308.95
676,Renae,Brockley,rbrockleyir@blogs.com,Honduras,7,7,Lexus,IS-F,$2536427.26
677,Dallis,Hattersley,dhattersleyis@cloudflare.com,Iran,7,7,Lexus,IS-F,$2536427.26
678,Pansy,Spini,pspiniit@sakura.ne.jp,Thailand,4,4,Chevrolet,Impala,$5127335.48
679,Umberto,MacAllester,umacallesteriu@theguardian.com,China,7,7,Lexus,IS-F,$2536427.26
680,Hervey,Gresswell,hgresswelliv@t-online.de,Brazil,2,2,BMW,3 Series,$1078577.24
681,Olympe,Broune,obrouneiw@gov.uk,Indonesia,2,2,BMW,3 Series,$1078577.24
682,Daisie,Bassick,dbassickix@usda.gov,Russia,2,2,BMW,3 Series,$1078577.24
683,Anson,Chellenham,achellenhamiy@marketwatch.com,Namibia,5,5,Chevrolet,1500,$3317167.74
685,Carey,Legrand,clegrandj0@desdev.cn,Macedonia,10,10,Subaru,Leone,$1923454.60
686,Paula,Golda,pgoldaj1@europa.eu,Poland,9,9,Toyota,RAV4,$5226351.25
687,Anthea,Gath,agathj2@ifeng.com,Ukraine,2,2,BMW,3 Series,$1078577.24
688,Florencia,Bloxham,fbloxhamj3@4shared.com,Indonesia,9,9,Toyota,RAV4,$5226351.25
689,Joshua,Pragnell,jpragnellj4@sciencedirect.com,Uganda,4,4,Chevrolet,Impala,$5127335.48
690,Sharia,Bailey,sbaileyj5@guardian.co.uk,China,10,10,Subaru,Leone,$1923454.60
691,Grethel,Hauck,ghauckj6@icio.us,East Timor,10,10,Subaru,Leone,$1923454.60
692,Quincey,Biggs,qbiggsj7@freewebs.com,Colombia,7,7,Lexus,IS-F,$2536427.26
693,Cordell,Gurton,cgurtonj8@berkeley.edu,Philippines,6,6,Mitsubishi,Mirage,$1044708.75
694,Vilhelmina,Bronot,vbronotj9@netvibes.com,Chile,5,5,Chevrolet,1500,$3317167.74
696,Abbot,Salkeld,asalkeldjb@de.vu,China,5,5,Chevrolet,1500,$3317167.74
697,Pammy,Wynn,pwynnjc@walmart.com,Spain,1,1,Chevrolet,Monte Carlo,$6790905.84
698,Ame,Mothersdale,amothersdalejd@netvibes.com,France,2,2,BMW,3 Series,$1078577.24
699,Elfie,Cottee,ecotteeje@surveymonkey.com,China,9,9,Toyota,RAV4,$5226351.25
700,Sammy,Bresman,sbresmanjf@auda.org.au,Estonia,9,9,Toyota,RAV4,$5226351.25
701,Merrilee,Miranda,mmirandajg@technorati.com,Russia,3,3,Chrysler,Prowler,$2384308.95
702,Jessie,De Bell,jdebelljh@engadget.com,China,2,2,BMW,3 Series,$1078577.24
703,Wallis,Bowness,wbownessji@globo.com,Guinea,5,5,Chevrolet,1500,$3317167.74
704,Hendrik,Keese,hkeesejj@technorati.com,France,8,8,Saab,900,$6030155.99
705,Diandra,Aujean,daujeanjk@comcast.net,Indonesia,7,7,Lexus,IS-F,$2536427.26
706,Leesa,Ceyssen,lceyssenjl@reddit.com,Philippines,9,9,Toyota,RAV4,$5226351.25
707,Eugenia,Greenset,egreensetjm@mysql.com,Russia,2,2,BMW,3 Series,$1078577.24
708,Adoree,Maxted,amaxtedjn@soundcloud.com,China,10,10,Subaru,Leone,$1923454.60
709,Bevvy,Billion,bbillionjo@hatena.ne.jp,Russia,10,10,Subaru,Leone,$1923454.60
710,Alphonse,Spight,aspightjp@china.com.cn,United States,7,7,Lexus,IS-F,$2536427.26
711,Juanita,Murney,jmurneyjq@hostgator.com,Sweden,3,3,Chrysler,Prowler,$2384308.95
712,Leland,Bradneck,lbradneckjr@taobao.com,Philippines,9,9,Toyota,RAV4,$5226351.25
713,Paulie,Grassett,pgrassettjs@wikispaces.com,Tajikistan,1,1,Chevrolet,Monte Carlo,$6790905.84
714,Glory,Engall,gengalljt@ebay.com,Poland,6,6,Mitsubishi,Mirage,$1044708.75
715,Hersh,Toombs,htoombsju@chron.com,Poland,6,6,Mitsubishi,Mirage,$1044708.75
716,Marcille,Hayhurst,mhayhurstjv@free.fr,Azerbaijan,2,2,BMW,3 Series,$1078577.24
717,Cristi,Cavan,ccavanjw@weather.com,China,8,8,Saab,900,$6030155.99
718,Ingaborg,McBrier,imcbrierjx@vkontakte.ru,Poland,5,5,Chevrolet,1500,$3317167.74
719,Luz,Grinyov,lgrinyovjy@about.me,Indonesia,5,5,Chevrolet,1500,$3317167.74
720,Asa,Antill,aantilljz@netlog.com,France,6,6,Mitsubishi,Mirage,$1044708.75
721,Justis,Scarbarrow,jscarbarrowk0@histats.com,Liechtenstein,10,10,Subaru,Leone,$1923454.60
722,Aridatha,Betjes,abetjesk1@businesswire.com,Indonesia,3,3,Chrysler,Prowler,$2384308.95
723,Glenden,Woolatt,gwoolattk2@house.gov,Philippines,6,6,Mitsubishi,Mirage,$1044708.75
725,Diandra,Drayton,ddraytonk4@go.com,Philippines,10,10,Subaru,Leone,$1923454.60
726,Gussi,Castiglio,gcastigliok5@newsvine.com,Russia,1,1,Chevrolet,Monte Carlo,$6790905.84
727,Patrizio,Plant,pplantk6@umn.edu,China,8,8,Saab,900,$6030155.99
728,Codie,Ellwood,cellwoodk7@census.gov,Poland,7,7,Lexus,IS-F,$2536427.26
729,Carmencita,Poltun,cpoltunk8@webeden.co.uk,Japan,2,2,BMW,3 Series,$1078577.24
731,Janeen,Zorer,jzorerka@sun.com,Indonesia,9,9,Toyota,RAV4,$5226351.25
733,Nanci,Littlemore,nlittlemorekc@prnewswire.com,China,4,4,Chevrolet,Impala,$5127335.48
734,Jdavie,Sobtka,jsobtkakd@seattletimes.com,Czech Republic,1,1,Chevrolet,Monte Carlo,$6790905.84
735,Tate,Lillico,tlillicoke@nationalgeographic.com,China,4,4,Chevrolet,Impala,$5127335.48
736,Darill,Stibbs,dstibbskf@washingtonpost.com,New Zealand,2,2,BMW,3 Series,$1078577.24
737,Benedick,Christophe,bchristophekg@github.com,Thailand,9,9,Toyota,RAV4,$5226351.25
738,Alexia,Cracknell,acracknellkh@nature.com,China,9,9,Toyota,RAV4,$5226351.25
739,Malcolm,Hurch,mhurchki@google.com.hk,China,4,4,Chevrolet,Impala,$5127335.48
740,Sheffy,Clericoates,sclericoateskj@pcworld.com,China,6,6,Mitsubishi,Mirage,$1044708.75
741,Mair,Niccolls,mniccollskk@odnoklassniki.ru,Portugal,2,2,BMW,3 Series,$1078577.24
743,Stafford,Vaugham,svaughamkm@last.fm,Poland,2,2,BMW,3 Series,$1078577.24
744,Judon,Shemmans,jshemmanskn@rambler.ru,Armenia,4,4,Chevrolet,Impala,$5127335.48
745,Donna,Tremmel,dtremmelko@shop-pro.jp,Indonesia,8,8,Saab,900,$6030155.99
747,Guss,Duckers,gduckerskq@printfriendly.com,Kuwait,5,5,Chevrolet,1500,$3317167.74
748,Filbert,De Gregoli,fdegregolikr@europa.eu,Argentina,2,2,BMW,3 Series,$1078577.24
749,Fonzie,Bernaldez,fbernaldezks@istockphoto.com,Indonesia,2,2,BMW,3 Series,$1078577.24
750,Jamison,Meyer,jmeyerkt@hubpages.com,Bulgaria,10,10,Subaru,Leone,$1923454.60
751,Alfie,Osgood,aosgoodku@google.co.uk,Bosnia and Herzegovina,8,8,Saab,900,$6030155.99
752,Quintus,de la Tremoille,qdelatremoillekv@wordpress.com,Canada,8,8,Saab,900,$6030155.99
753,Brittney,Bilyard,bbilyardkw@zimbio.com,Russia,5,5,Chevrolet,1500,$3317167.74
754,Emerson,Fullun,efullunkx@google.com,Finland,4,4,Chevrolet,Impala,$5127335.48
755,Brade,Marlow,bmarlowky@marketwatch.com,Philippines,4,4,Chevrolet,Impala,$5127335.48
757,Belvia,Gori,bgoril0@amazon.de,China,1,1,Chevrolet,Monte Carlo,$6790905.84
759,Gray,Haw,ghawl2@dyndns.org,Portugal,5,5,Chevrolet,1500,$3317167.74
760,Cathleen,Ormrod,cormrodl3@dell.com,Japan,5,5,Chevrolet,1500,$3317167.74
761,Findlay,Peinton,fpeintonl4@howstuffworks.com,Portugal,2,2,BMW,3 Series,$1078577.24
762,La verne,Husset,lhussetl5@newyorker.com,Brazil,3,3,Chrysler,Prowler,$2384308.95
763,Lorain,Caddens,lcaddensl6@geocities.jp,Panama,3,3,Chrysler,Prowler,$2384308.95
764,Aldo,Caulliere,acaullierel7@people.com.cn,Kyrgyzstan,1,1,Chevrolet,Monte Carlo,$6790905.84
765,Claus,Linzee,clinzeel8@reuters.com,Sweden,6,6,Mitsubishi,Mirage,$1044708.75
766,Dirk,Meadowcroft,dmeadowcroftl9@t.co,China,5,5,Chevrolet,1500,$3317167.74
767,Umberto,Blaschek,ublaschekla@tiny.cc,Argentina,10,10,Subaru,Leone,$1923454.60
768,Nero,Torrent,ntorrentlb@google.com,Russia,6,6,Mitsubishi,Mirage,$1044708.75
769,Donaugh,Carmichael,dcarmichaellc@reference.com,Russia,5,5,Chevrolet,1500,$3317167.74
770,Ricki,Setford,rsetfordld@psu.edu,Peru,5,5,Chevrolet,1500,$3317167.74
771,Arvy,Neilus,aneilusle@accuweather.com,Colombia,10,10,Subaru,Leone,$1923454.60
772,Johny,Rassmann,jrassmannlf@flavors.me,Philippines,8,8,Saab,900,$6030155.99
774,Shepherd,Mothersdale,smothersdalelh@etsy.com,Indonesia,8,8,Saab,900,$6030155.99
775,Greta,Lethibridge,glethibridgeli@vkontakte.ru,China,10,10,Subaru,Leone,$1923454.60
777,Chen,Premble,cpremblelk@youtu.be,Poland,4,4,Chevrolet,Impala,$5127335.48
778,Beaufort,Toomey,btoomeyll@va.gov,Portugal,1,1,Chevrolet,Monte Carlo,$6790905.84
779,Lorelle,Covell,lcovelllm@virginia.edu,Portugal,2,2,BMW,3 Series,$1078577.24
780,Bartolomeo,Pizzie,bpizzieln@scientificamerican.com,Czech Republic,4,4,Chevrolet,Impala,$5127335.48
781,Patton,Thomason,pthomasonlo@discuz.net,Greece,9,9,Toyota,RAV4,$5226351.25
782,Patti,Byfield,pbyfieldlp@latimes.com,Bangladesh,10,10,Subaru,Leone,$1923454.60
783,Mommy,Spoward,mspowardlq@cdbaby.com,Indonesia,5,5,Chevrolet,1500,$3317167.74
784,Theodoric,Weigh,tweighlr@stumbleupon.com,Indonesia,6,6,Mitsubishi,Mirage,$1044708.75
785,Jessica,MacClenan,jmacclenanls@uiuc.edu,Luxembourg,7,7,Lexus,IS-F,$2536427.26
786,Chery,Mapledoram,cmapledoramlt@berkeley.edu,Czech Republic,3,3,Chrysler,Prowler,$2384308.95
787,Cassie,Meneghelli,cmeneghellilu@seesaa.net,China,4,4,Chevrolet,Impala,$5127335.48
788,Dall,Alderton,daldertonlv@sogou.com,Mexico,9,9,Toyota,RAV4,$5226351.25
789,Elmo,Wolland,ewollandlw@smh.com.au,Poland,3,3,Chrysler,Prowler,$2384308.95
790,Jud,Vido,jvidolx@google.ru,Portugal,8,8,Saab,900,$6030155.99
791,Quentin,Di Franceshci,qdifranceshcily@time.com,Dominican Republic,9,9,Toyota,RAV4,$5226351.25
792,Jareb,Earland,jearlandlz@1688.com,Philippines,2,2,BMW,3 Series,$1078577.24
793,Aigneis,Binne,abinnem0@ehow.com,Brazil,2,2,BMW,3 Series,$1078577.24
794,Guillemette,Lamzed,glamzedm1@nifty.com,Mozambique,1,1,Chevrolet,Monte Carlo,$6790905.84
795,Beverlee,Esgate,besgatem2@behance.net,Indonesia,1,1,Chevrolet,Monte Carlo,$6790905.84
796,Claudina,Branney,cbranneym3@google.com,Indonesia,3,3,Chrysler,Prowler,$2384308.95
797,Steffi,Robiot,srobiotm4@slate.com,Morocco,6,6,Mitsubishi,Mirage,$1044708.75
798,Tedd,Gerler,tgerlerm5@wikia.com,China,6,6,Mitsubishi,Mirage,$1044708.75
799,Lia,Sylvester,lsylvesterm6@go.com,Portugal,1,1,Chevrolet,Monte Carlo,$6790905.84
800,Josey,Goane,jgoanem7@mayoclinic.com,Palestinian Territory,2,2,BMW,3 Series,$1078577.24
802,Katusha,Livezey,klivezeym9@amazon.com,Philippines,4,4,Chevrolet,Impala,$5127335.48
803,Denny,Wellington,dwellingtonma@imgur.com,Poland,9,9,Toyota,RAV4,$5226351.25
804,Benedick,Nial,bnialmb@weather.com,China,2,2,BMW,3 Series,$1078577.24
805,Bradan,Sprey,bspreymc@geocities.jp,Philippines,10,10,Subaru,Leone,$1923454.60
806,Nert,Eland,nelandmd@dell.com,Sweden,5,5,Chevrolet,1500,$3317167.74
807,Muhammad,Bloy,mbloyme@privacy.gov.au,Poland,3,3,Chrysler,Prowler,$2384308.95
808,Lonee,Farrall,lfarrallmf@umn.edu,China,10,10,Subaru,Leone,$1923454.60
809,Donovan,Saiens,dsaiensmg@last.fm,Sweden,2,2,BMW,3 Series,$1078577.24
810,Elianore,Cluet,ecluetmh@instagram.com,Russia,5,5,Chevrolet,1500,$3317167.74
811,Hy,Ravilious,hraviliousmi@mozilla.org,China,1,1,Chevrolet,Monte Carlo,$6790905.84
812,Gil,Inch,ginchmj@twitpic.com,Netherlands,10,10,Subaru,Leone,$1923454.60
813,Cal,Twidell,ctwidellmk@lycos.com,Bolivia,3,3,Chrysler,Prowler,$2384308.95
814,Theresa,Mills,tmillsml@deliciousdays.com,Lithuania,2,2,BMW,3 Series,$1078577.24
815,Patin,Ethington,pethingtonmm@un.org,Philippines,1,1,Chevrolet,Monte Carlo,$6790905.84
816,Dennis,Whitrod,dwhitrodmn@rakuten.co.jp,Benin,7,7,Lexus,IS-F,$2536427.26
817,Gabrila,Philson,gphilsonmo@seesaa.net,Canada,5,5,Chevrolet,1500,$3317167.74
818,Nerta,Oakinfold,noakinfoldmp@yale.edu,Slovenia,4,4,Chevrolet,Impala,$5127335.48
819,Kirbie,Lawee,klaweemq@wikia.com,China,3,3,Chrysler,Prowler,$2384308.95
820,Bridgette,Hacaud,bhacaudmr@harvard.edu,France,4,4,Chevrolet,Impala,$5127335.48
821,Elana,Tallquist,etallquistms@ebay.co.uk,Japan,2,2,BMW,3 Series,$1078577.24
822,Birk,Bourgourd,bbourgourdmt@theguardian.com,Poland,3,3,Chrysler,Prowler,$2384308.95
823,Osbourne,Gaunson,ogaunsonmu@unicef.org,China,1,1,Chevrolet,Monte Carlo,$6790905.84
824,Dorian,Loachhead,dloachheadmv@google.it,Indonesia,3,3,Chrysler,Prowler,$2384308.95
825,Wald,Hassin,whassinmw@angelfire.com,China,6,6,Mitsubishi,Mirage,$1044708.75
826,Felix,Sarvar,fsarvarmx@cnet.com,China,3,3,Chrysler,Prowler,$2384308.95
827,Emylee,Mayhew,emayhewmy@friendfeed.com,Honduras,5,5,Chevrolet,1500,$3317167.74
828,Mirabel,Olivas,molivasmz@yolasite.com,China,4,4,Chevrolet,Impala,$5127335.48
829,Virgie,Sackur,vsackurn0@eepurl.com,Poland,9,9,Toyota,RAV4,$5226351.25
830,Orton,Mc Comb,omccombn1@cloudflare.com,China,6,6,Mitsubishi,Mirage,$1044708.75
831,Kippar,Dargan,kdargann2@freewebs.com,Czech Republic,6,6,Mitsubishi,Mirage,$1044708.75
832,Charles,Rickcord,crickcordn3@dagondesign.com,China,8,8,Saab,900,$6030155.99
833,Martino,Willment,mwillmentn4@illinois.edu,Japan,10,10,Subaru,Leone,$1923454.60
835,Ingrid,Gadd,igaddn6@huffingtonpost.com,Nepal,5,5,Chevrolet,1500,$3317167.74
836,Noll,Laxtonne,nlaxtonnen7@nih.gov,Brazil,6,6,Mitsubishi,Mirage,$1044708.75
839,Staci,Jezzard,sjezzardna@nydailynews.com,Thailand,2,2,BMW,3 Series,$1078577.24
840,Karleen,Orgen,korgennb@wikimedia.org,China,8,8,Saab,900,$6030155.99
842,Chloe,Jeff,cjeffnd@redcross.org,Philippines,4,4,Chevrolet,Impala,$5127335.48
843,Rowen,Hellyar,rhellyarne@harvard.edu,China,6,6,Mitsubishi,Mirage,$1044708.75
844,Sergei,Kilban,skilbannf@exblog.jp,Poland,1,1,Chevrolet,Monte Carlo,$6790905.84
845,Arabela,Biermatowicz,abiermatowiczng@go.com,Uzbekistan,5,5,Chevrolet,1500,$3317167.74
846,Adelaide,Shinefield,ashinefieldnh@typepad.com,Cuba,9,9,Toyota,RAV4,$5226351.25
847,Moreen,McKune,mmckuneni@nymag.com,Sweden,8,8,Saab,900,$6030155.99
848,Halsey,Grisewood,hgrisewoodnj@icq.com,France,4,4,Chevrolet,Impala,$5127335.48
849,Barney,Ismead,bismeadnk@oracle.com,France,2,2,BMW,3 Series,$1078577.24
850,Zebulon,Schult,zschultnl@theatlantic.com,Kyrgyzstan,6,6,Mitsubishi,Mirage,$1044708.75
851,Errol,Tustin,etustinnm@archive.org,France,2,2,BMW,3 Series,$1078577.24
852,Neila,Le Barre,nlebarrenn@histats.com,Iran,2,2,BMW,3 Series,$1078577.24
853,Kyle,Barcroft,kbarcroftno@ft.com,Indonesia,6,6,Mitsubishi,Mirage,$1044708.75
854,Tatiana,Currin,tcurrinnp@abc.net.au,Russia,4,4,Chevrolet,Impala,$5127335.48
855,Mitchael,Vickery,mvickerynq@typepad.com,Mexico,10,10,Subaru,Leone,$1923454.60
856,Berne,Ingliss,binglissnr@wordpress.com,Russia,4,4,Chevrolet,Impala,$5127335.48
857,Frants,Seyers,fseyersns@go.com,Thailand,8,8,Saab,900,$6030155.99
858,Maryellen,Wackly,mwacklynt@google.co.uk,Serbia,2,2,BMW,3 Series,$1078577.24
859,Hayyim,Sarra,hsarranu@reverbnation.com,Malaysia,6,6,Mitsubishi,Mirage,$1044708.75
860,Claudetta,Searjeant,csearjeantnv@stumbleupon.com,Russia,6,6,Mitsubishi,Mirage,$1044708.75
861,Margarethe,Mebes,mmebesnw@princeton.edu,France,2,2,BMW,3 Series,$1078577.24
862,Helaine,Ellcome,hellcomenx@examiner.com,Palau,10,10,Subaru,Leone,$1923454.60
863,Gage,Worham,gworhamny@google.nl,Indonesia,8,8,Saab,900,$6030155.99
864,Nessi,Ollerton,nollertonnz@example.com,Indonesia,10,10,Subaru,Leone,$1923454.60
865,Lorelle,Chant,lchanto0@vistaprint.com,North Korea,1,1,Chevrolet,Monte Carlo,$6790905.84
866,Ilene,Petrovic,ipetrovico1@npr.org,Israel,8,8,Saab,900,$6030155.99
867,Keefer,Martinolli,kmartinollio2@hugedomains.com,Philippines,1,1,Chevrolet,Monte Carlo,$6790905.84
868,Minna,Guillon,mguillono3@dion.ne.jp,Portugal,3,3,Chrysler,Prowler,$2384308.95
869,Gayleen,Churm,gchurmo4@jigsy.com,China,5,5,Chevrolet,1500,$3317167.74
870,Gina,Dight,gdighto5@addtoany.com,Palestinian Territory,8,8,Saab,900,$6030155.99
871,Aron,Boice,aboiceo6@spiegel.de,Solomon Islands,6,6,Mitsubishi,Mirage,$1044708.75
872,Jennine,Prettjohn,jprettjohno7@ocn.ne.jp,Russia,4,4,Chevrolet,Impala,$5127335.48
873,Maryellen,Zapater,mzapatero8@ehow.com,Russia,4,4,Chevrolet,Impala,$5127335.48
874,Gunar,Greensmith,ggreensmitho9@fema.gov,Ukraine,7,7,Lexus,IS-F,$2536427.26
875,Syd,Vondrasek,svondrasekoa@indiegogo.com,China,1,1,Chevrolet,Monte Carlo,$6790905.84
876,Shari,Tinan,stinanob@shinystat.com,Bulgaria,3,3,Chrysler,Prowler,$2384308.95
878,Oberon,Mickleburgh,omickleburghod@youtu.be,China,9,9,Toyota,RAV4,$5226351.25
879,Alonso,Pedro,apedrooe@engadget.com,China,7,7,Lexus,IS-F,$2536427.26
880,Celisse,Jerwood,cjerwoodof@omniture.com,Uruguay,2,2,BMW,3 Series,$1078577.24
881,Stewart,Maurice,smauriceog@disqus.com,Russia,6,6,Mitsubishi,Mirage,$1044708.75
882,Phineas,Sonier,psonieroh@google.co.uk,China,2,2,BMW,3 Series,$1078577.24
883,Hedvig,Ratley,hratleyoi@nasa.gov,Indonesia,10,10,Subaru,Leone,$1923454.60
884,Emalia,McIlheran,emcilheranoj@mayoclinic.com,Indonesia,4,4,Chevrolet,Impala,$5127335.48
885,Peri,Scandrick,pscandrickok@cdc.gov,China,9,9,Toyota,RAV4,$5226351.25
886,Daniele,Aingell,daingellol@vk.com,United States,4,4,Chevrolet,Impala,$5127335.48
887,Andie,Avrashin,aavrashinom@cyberchimps.com,France,8,8,Saab,900,$6030155.99
888,Gerrie,Comer,gcomeron@cornell.edu,China,7,7,Lexus,IS-F,$2536427.26
889,Fergus,Sherville,fshervilleoo@mayoclinic.com,China,1,1,Chevrolet,Monte Carlo,$6790905.84
890,Che,Orritt,corrittop@bloglovin.com,Brazil,1,1,Chevrolet,Monte Carlo,$6790905.84
891,Pebrook,Stearne,pstearneoq@ask.com,Brazil,7,7,Lexus,IS-F,$2536427.26
892,Elspeth,Chapier,echapieror@devhub.com,Canada,3,3,Chrysler,Prowler,$2384308.95
893,Mollie,Offer,mofferos@twitpic.com,Portugal,1,1,Chevrolet,Monte Carlo,$6790905.84
894,Hilary,Bitterton,hbittertonot@networksolutions.com,Uruguay,2,2,BMW,3 Series,$1078577.24
895,Urbanus,De Carolis,udecarolisou@cafepress.com,Brazil,1,1,Chevrolet,Monte Carlo,$6790905.84
896,Hilary,Cregan,hcreganov@creativecommons.org,China,4,4,Chevrolet,Impala,$5127335.48
897,Darlleen,Tourne,dtourneow@techcrunch.com,Russia,4,4,Chevrolet,Impala,$5127335.48
898,Chicky,Litherland,clitherlandox@cbslocal.com,United States,1,1,Chevrolet,Monte Carlo,$6790905.84
899,Koenraad,Riccetti,kriccettioy@webmd.com,Philippines,4,4,Chevrolet,Impala,$5127335.48
900,Benjy,Brauninger,bbrauningeroz@soundcloud.com,Philippines,9,9,Toyota,RAV4,$5226351.25
901,Andris,Youles,ayoulesp0@dion.ne.jp,Iran,2,2,BMW,3 Series,$1078577.24
902,Stepha,Killough,skilloughp1@rakuten.co.jp,South Africa,5,5,Chevrolet,1500,$3317167.74
903,Willard,Auchinleck,wauchinleckp2@msu.edu,Indonesia,1,1,Chevrolet,Monte Carlo,$6790905.84
904,Matteo,Bwy,mbwyp3@purevolume.com,Argentina,7,7,Lexus,IS-F,$2536427.26
905,Teodor,Bau,tbaup4@youku.com,Jamaica,3,3,Chrysler,Prowler,$2384308.95
908,Winonah,Cancutt,wcancuttp7@noaa.gov,Philippines,3,3,Chrysler,Prowler,$2384308.95
909,Dalt,Eyeington,deyeingtonp8@patch.com,Brazil,4,4,Chevrolet,Impala,$5127335.48
911,Mahmoud,Blaw,mblawpa@wordpress.com,Argentina,6,6,Mitsubishi,Mirage,$1044708.75
912,Paulita,Zuan,pzuanpb@auda.org.au,Indonesia,5,5,Chevrolet,1500,$3317167.74
913,Douglass,O'Corren,docorrenpc@nps.gov,Peru,3,3,Chrysler,Prowler,$2384308.95
914,Demetria,Faulo,dfaulopd@xing.com,Thailand,1,1,Chevrolet,Monte Carlo,$6790905.84
915,Lianne,Medgwick,lmedgwickpe@spiegel.de,Moldova,1,1,Chevrolet,Monte Carlo,$6790905.84
916,Odella,Kleint,okleintpf@japanpost.jp,Poland,4,4,Chevrolet,Impala,$5127335.48
917,Conrade,Aspole,caspolepg@blogspot.com,United States,10,10,Subaru,Leone,$1923454.60
918,Miof mela,Soppett,msoppettph@samsung.com,China,1,1,Chevrolet,Monte Carlo,$6790905.84
919,Randie,Wrates,rwratespi@oakley.com,Portugal,7,7,Lexus,IS-F,$2536427.26
921,Emilie,Stuchberry,estuchberrypk@foxnews.com,Colombia,6,6,Mitsubishi,Mirage,$1044708.75
922,Jacquette,Osinin,josininpl@netlog.com,Germany,7,7,Lexus,IS-F,$2536427.26
923,Filmore,Zink,fzinkpm@va.gov,China,1,1,Chevrolet,Monte Carlo,$6790905.84
924,Carmina,Hinks,chinkspn@theguardian.com,France,6,6,Mitsubishi,Mirage,$1044708.75
925,Grannie,Boardman,gboardmanpo@state.gov,Sweden,2,2,BMW,3 Series,$1078577.24
926,Marian,Tichelaar,mtichelaarpp@xinhuanet.com,Colombia,6,6,Mitsubishi,Mirage,$1044708.75
927,Seka,Murrish,smurrishpq@apple.com,Iran,9,9,Toyota,RAV4,$5226351.25
928,Pearline,Dethloff,pdethloffpr@umn.edu,Philippines,3,3,Chrysler,Prowler,$2384308.95
929,Estella,Slader,esladerps@businessweek.com,Russia,2,2,BMW,3 Series,$1078577.24
930,Mirabel,Craske,mcraskept@angelfire.com,China,2,2,BMW,3 Series,$1078577.24
931,Tallulah,Livick,tlivickpu@wunderground.com,Ethiopia,6,6,Mitsubishi,Mirage,$1044708.75
932,Iggy,Curteis,icurteispv@hatena.ne.jp,Nigeria,9,9,Toyota,RAV4,$5226351.25
933,Hobey,Napolitano,hnapolitanopw@craigslist.org,China,6,6,Mitsubishi,Mirage,$1044708.75
934,Gaynor,Arnason,garnasonpx@reference.com,Philippines,4,4,Chevrolet,Impala,$5127335.48
935,Quinn,McDougald,qmcdougaldpy@bravesites.com,Argentina,8,8,Saab,900,$6030155.99
936,Maximilianus,Sarson,msarsonpz@usnews.com,Russia,7,7,Lexus,IS-F,$2536427.26
937,Miles,Gossop,mgossopq0@answers.com,Portugal,5,5,Chevrolet,1500,$3317167.74
938,Talyah,Reuter,treuterq1@pen.io,Indonesia,10,10,Subaru,Leone,$1923454.60
939,Maryann,Mehew,mmehewq2@bravesites.com,United States,7,7,Lexus,IS-F,$2536427.26
941,Galina,Robel,grobelq4@yahoo.com,Indonesia,2,2,BMW,3 Series,$1078577.24
942,Lissie,Dampney,ldampneyq5@moonfruit.com,Thailand,2,2,BMW,3 Series,$1078577.24
943,Aaron,Glencrosche,aglencroscheq6@examiner.com,China,10,10,Subaru,Leone,$1923454.60
945,Patsy,Pasby,ppasbyq8@shutterfly.com,Vietnam,5,5,Chevrolet,1500,$3317167.74
946,Abner,Petranek,apetranekq9@bravesites.com,Sweden,7,7,Lexus,IS-F,$2536427.26
947,Winny,Danovich,wdanovichqa@ted.com,Venezuela,2,2,BMW,3 Series,$1078577.24
948,Waite,Biggs,wbiggsqb@mit.edu,Japan,6,6,Mitsubishi,Mirage,$1044708.75
949,Nicolina,Houldin,nhouldinqc@netvibes.com,Portugal,2,2,BMW,3 Series,$1078577.24
950,Fin,Fearneley,ffearneleyqd@adobe.com,Indonesia,7,7,Lexus,IS-F,$2536427.26
951,Kalli,Milliere,kmilliereqe@ft.com,Indonesia,9,9,Toyota,RAV4,$5226351.25
952,Reynard,Trahearn,rtrahearnqf@thetimes.co.uk,Indonesia,7,7,Lexus,IS-F,$2536427.26
953,Berkley,Dakhno,bdakhnoqg@columbia.edu,Russia,8,8,Saab,900,$6030155.99
954,Sharity,Paice,spaiceqh@amazon.de,Brazil,6,6,Mitsubishi,Mirage,$1044708.75
955,Sharai,Borth,sborthqi@springer.com,United States,8,8,Saab,900,$6030155.99
956,Cart,Davidov,cdavidovqj@ihg.com,Sweden,1,1,Chevrolet,Monte Carlo,$6790905.84
957,Shari,Sugarman,ssugarmanqk@google.it,Egypt,7,7,Lexus,IS-F,$2536427.26
959,Maddi,Sproston,msprostonqm@hp.com,China,4,4,Chevrolet,Impala,$5127335.48
960,Karly,Eccles,kecclesqn@japanpost.jp,Portugal,7,7,Lexus,IS-F,$2536427.26
961,Baxy,Tolussi,btolussiqo@loc.gov,Spain,1,1,Chevrolet,Monte Carlo,$6790905.84
964,Marve,Flaonier,mflaonierqr@webnode.com,Tajikistan,8,8,Saab,900,$6030155.99
966,Chas,Morrall,cmorrallqt@themeforest.net,Norway,9,9,Toyota,RAV4,$5226351.25
967,Mikel,Cowper,mcowperqu@rambler.ru,Portugal,3,3,Chrysler,Prowler,$2384308.95
968,Loralyn,Scarrott,lscarrottqv@blog.com,Russia,6,6,Mitsubishi,Mirage,$1044708.75
969,Jenna,Shiel,jshielqw@t-online.de,Yemen,8,8,Saab,900,$6030155.99
970,Prent,McTrustram,pmctrustramqx@jugem.jp,Sweden,7,7,Lexus,IS-F,$2536427.26
972,Sullivan,Ashall,sashallqz@shareasale.com,France,1,1,Chevrolet,Monte Carlo,$6790905.84
973,Guthrie,Kiggel,gkiggelr0@ycombinator.com,Poland,8,8,Saab,900,$6030155.99
974,Teador,Sylett,tsylettr1@nature.com,Indonesia,2,2,BMW,3 Series,$1078577.24
975,Forester,Duell,fduellr2@yellowbook.com,Philippines,2,2,BMW,3 Series,$1078577.24
976,Beniamino,Gulliver,bgulliverr3@ucoz.com,Japan,6,6,Mitsubishi,Mirage,$1044708.75
977,Wade,Manske,wmansker4@storify.com,Indonesia,7,7,Lexus,IS-F,$2536427.26
978,Viv,Bault,vbaultr5@sakura.ne.jp,Guatemala,3,3,Chrysler,Prowler,$2384308.95
979,Shirline,Ninnoli,sninnolir6@is.gd,Luxembourg,6,6,Mitsubishi,Mirage,$1044708.75
980,Ayn,Josselsohn,ajosselsohnr7@imdb.com,United States,9,9,Toyota,RAV4,$5226351.25
981,Lorrin,Walstow,lwalstowr8@google.com,Sweden,1,1,Chevrolet,Monte Carlo,$6790905.84
983,Brian,Frisby,bfrisbyra@eventbrite.com,Indonesia,8,8,Saab,900,$6030155.99
984,Klara,Dymocke,kdymockerb@sciencedaily.com,Japan,8,8,Saab,900,$6030155.99
985,Milton,Milverton,mmilvertonrc@buzzfeed.com,Cameroon,6,6,Mitsubishi,Mirage,$1044708.75
986,Langston,Pittaway,lpittawayrd@ezinearticles.com,Russia,10,10,Subaru,Leone,$1923454.60
987,Jessamine,Duke,jdukere@utexas.edu,Aland Islands,1,1,Chevrolet,Monte Carlo,$6790905.84
988,Darrick,Wilkowski,dwilkowskirf@chronoengine.com,China,7,7,Lexus,IS-F,$2536427.26
989,Jaclin,Bonny,jbonnyrg@joomla.org,Brazil,8,8,Saab,900,$6030155.99
990,Bastien,Okie,bokierh@jugem.jp,Philippines,6,6,Mitsubishi,Mirage,$1044708.75
992,Noni,Lambourne,nlambournerj@list-manage.com,China,9,9,Toyota,RAV4,$5226351.25
993,Harmonie,Satchel,hsatchelrk@phoca.cz,Belarus,1,1,Chevrolet,Monte Carlo,$6790905.84
994,Jdavie,Banbrick,jbanbrickrl@linkedin.com,Paraguay,6,6,Mitsubishi,Mirage,$1044708.75
995,Blondelle,Wrankmore,bwrankmorerm@zdnet.com,Philippines,6,6,Mitsubishi,Mirage,$1044708.75
996,Symon,Broomhead,sbroomheadrn@usgs.gov,Russia,3,3,Chrysler,Prowler,$2384308.95
997,Allegra,McArley,amcarleyro@last.fm,Sweden,5,5,Chevrolet,1500,$3317167.74
998,Elsa,Causton,ecaustonrp@bbc.co.uk,Colombia,10,10,Subaru,Leone,$1923454.60
999,Larry,Goude,lgouderq@telegraph.co.uk,Indonesia,10,10,Subaru,Leone,$1923454.60
1000,Ethelbert,Grimmert,egrimmertrr@infoseek.co.jp,Indonesia,9,9,Toyota,RAV4,$5226351.25
